prefix,variable,format
g,g_ef4,Char
g,g_ef5a,Char
g,g_ef7,Char
g,g_ef8,Char
g,g_ef9,Char
g,g_ef10,Char
g,g_fef14,Char
g,g_fef17,Char
g,g_fef19,Char
g,g_fef20,Char
g,g_fef21,Char
g,g_fef22,Char
g,g_fef23,Char
g,g_fef26,Char
g,g_fef27,Char
g,g_fef28,Char
g,g_fef29,Char
g,g_fef30,Char
g,g_fef31,Char
g,g_fef32,Char
g,g_fef33,Char
g,g_fef299,Char
g,g_fef301,Char
g,g_fef303,Num
g,g_fef304u1,Char
g,g_fef304u2,Char
g,g_fef307,Char
g,g_fef310,Num
g,g_fef311,Num
g,g_fef311_round,Num
g,g_fef313,Char
g,g_fef314,Num
g,g_fef315,Num
g,g_fef316,Num
g,g_k20101,Num
g,g_k20102,Num
g,g_k20103,Num
g,g_k20104,Num
g,g_k20105,Num
g,g_k20106,Num
g,g_k20107,Num
g,g_k2012,Num
g,g_k2013,Num
g,g_k2018,Num
g,g_k2030,Num
g,g_k2031,Num
g,g_k2035,Num
g,g_k2038,Num
g,g_k2043,Num
g,g_k2049,Num
g,g_k2051,Num
g,g_k2053,Num
g,g_k2057,Num
g,g_k2073,Num
g,g_k2082,Num
g,g_k2110,Num
g,g_k2114,Num
g,g_k2116,Num
g,g_k2117,Num
g,g_k2118,Num
g,g_k2119,Num
g,g_k2120,Num
g,g_k2121,Num
g,g_k2122,Num
g,g_k2123,Num
g,g_k2126,Num
g,g_k2127,Num
g,g_k2128,Num
g,g_k2131,Num
g,g_k2132,Num
g,g_k2133,Num
g,g_k2134,Num
g,g_k2135,Num
g,g_k2136,Num
g,g_k2137,Num
g,g_k2141,Num
g,g_k2142,Num
g,g_k2143,Num
g,g_k2144,Num
g,g_k2145,Num
g,g_k2146,Num
g,g_k2147,Num
g,g_k2150,Num
g,g_k2151,Num
g,g_k2152,Num
g,g_k2153,Num
g,g_k2154,Num
g,g_k2155,Num
g,g_k2163,Num
g,g_k2164,Num
g,g_k2165,Num
g,g_k2166,Num
g,g_k2167,Num
g,g_k2168,Num
g,g_k2169,Num
g,g_k2201,Num
g,g_k2202,Num
g,g_k2207,Num
g,g_k2208,Num
g,g_k2209,Num
g,g_k2210,Num
g,g_k2214,Num
g,g_k2215,Num
g,g_k2216,Num
g,g_k2217,Num
g,g_k2220,Num
g,g_k2221,Num
g,g_k2222,Num
g,g_k2223,Num
g,g_k2224,Num
g,g_k2225,Num
g,g_k2226,Num
g,g_k2227,Num
g,g_k2228,Num
g,g_k2229,Num
g,g_k2232,Num
g,g_k2233,Num
g,g_k2236,Num
g,g_k2237,Num
g,g_k2240,Num
g,g_k2241,Num
g,g_k2242,Num
g,g_k2244,Num
g,g_k2245,Num
g,g_k2246,Num
g,g_k2247,Num
g,g_k2248,Num
g,g_k2250,Num
g,g_k2252,Num
g,g_k2255,Num
g,g_k2260,Num
g,g_k2261,Num
g,g_k2262,Num
g,g_k2263,Num
g,g_k2271,Num
g,g_k2272,Num
g,g_k2274,Num
g,g_k2275,Num
g,g_k2276,Num
g,g_k2277,Num
g,g_k2278,Num
g,g_k2279,Num
g,g_k2281,Num
g,g_k2284,Num
g,g_k2285,Num
g,g_k2286,Num
g,g_k2287,Num
g,g_k2288,Num
g,g_k2289,Num
g,g_k6510,Num
g,g_k65104,Num
g,g_k65105,Num
g,g_k65106,Num
g,g_k65107,Num
g,g_k6511,Num
g,g_k65113,Num
g,g_k65114,Num
g,g_k65115,Num
g,g_k65116,Num
g,g_k65117,Num
g,g_k65119,Num
g,g_k65120,Num
g,g_k65121,Num
g,g_k65122,Num
g,g_k65123,Num
g,g_k65129,Num
g,g_k65130,Num
g,g_k65132,Num
g,g_k65134,Num
g,g_k65135,Num
g,g_k65136,Num
g,g_k65139,Num
g,g_k6514,Num
g,g_k65140,Num
g,g_k65141,Num
g,g_k65142,Num
g,g_k65143,Num
g,g_k6515,Num
g,g_k65153,Num
g,g_k6516,Num
g,g_k6517,Num
g,g_k65171,Num
g,g_k6520,Num
g,g_k6522,Num
g,g_k6524,Num
g,g_k65250,Num
g,g_k65251,Num
g,g_k65252,Num
g,g_k65253,Num
g,g_k65254,Num
g,g_k65255,Num
g,g_k65256,Num
g,g_k6526,Num
g,g_k65277,Num
g,g_k6528,Num
g,g_k65282,Num
g,g_k65290,Num
g,g_k65291,Num
g,g_k65375,Num
g,g_k6541,Num
g,g_k6543,Num
g,g_k6546,Num
g,g_k6550,Num
g,g_k6551,Num
g,g_k65510,Num
g,g_k65512,Num
g,g_k6552,Num
g,g_k65528,Num
g,g_k65529,Num
g,g_k6553,Num
g,g_k65531,Num
g,g_k65532,Num
g,g_k65533,Num
g,g_k65534,Num
g,g_k65536,Num
g,g_k65537,Num
g,g_k65539,Num
g,g_k6554,Num
g,g_k65542,Num
g,g_k65543,Num
g,g_k65544,Num
g,g_k65545,Num
g,g_k65546,Num
g,g_k65547,Num
g,g_k65548,Num
g,g_k65549,Num
g,g_k65550,Num
g,g_k65554,Num
g,g_k65555,Num
g,g_k65556,Num
g,g_k65557,Num
g,g_k6556,Num
g,g_k65561,Num
g,g_k65564,Num
g,g_k65566,Num
g,g_k65569,Num
g,g_k6557,Num
g,g_k65571,Num
g,g_k65572,Num
g,g_k65573,Num
g,g_k65574,Num
g,g_k65575,Num
g,g_k65576,Num
g,g_k65577,Num
g,g_k65578,Num
g,g_k65579,Num
g,g_k6558,Num
g,g_k65580,Num
g,g_k6559,Num
g,g_k65610,Num
g,g_k65611,Num
g,g_k65612,Num
g,g_k65613,Num
g,g_k65614,Num
g,g_k65615,Num
g,g_k65616,Num
g,g_k65617,Num
g,g_k65618,Num
g,g_k65619,Num
g,g_k65620,Num
g,g_k65621,Num
g,g_k65633,Num
g,g_k65634,Num
g,g_k65635,Num
g,g_k65636,Num
g,g_k65644,Num
g,g_k65645,Num
g,g_k65646,Num
g,g_k65650,Num
g,g_k65651,Num
g,g_k65652,Num
g,g_k65653,Num
g,g_k65654,Num
g,g_k65655,Num
g,g_k65656,Num
g,g_k65657,Num
g,g_k65658,Num
g,g_k65659,Num
g,g_k6566,Num
g,g_k65660,Num
g,g_k65661,Num
g,g_k65662,Num
g,g_k65666,Num
g,g_k65669,Num
g,g_k6567,Num
g,g_k65670,Num
g,g_k65671,Num
g,g_k65674,Num
g,g_k65675,Num
g,g_k65676,Num
g,g_k6568,Num
g,g_k65680,Num
g,g_k65681,Num
g,g_k65682,Num
g,g_k65685,Num
g,g_k65686,Num
g,g_k65687,Num
g,g_k65688,Num
g,g_k65689,Num
g,g_k65693,Num
g,g_k65694,Num
g,g_k65695,Num
g,g_k65698,Num
g,g_k6570,Num
g,g_k6571,Num
g,g_k6572,Num
g,g_k6573,Num
g,g_k6574,Num
g,g_k6578,Num
g,g_k6579,Num
g,g_k6585,Num
g,g_k6586,Num
g,g_k6589,Num
g,g_k6593,Num
g,g_k6595,Num
g,g_k6598,Num
g,g_k7536,Num
g,g_k7550,Num
g,g_k7557,Num
g,g_k7566,Num
g,g_k7571,Num
g,g_k7573,Num
g,g_k7575,Num
g,g_k7662,Num
g,g_k7664,Num
g,g_k7666,Num
g,g_k7675,Num
g,g_k7676,Num
k,k_ef4,Char
k,k_ef5,Char
k,k_ef5ot,Char
k,k_ef6,Char
k,k_ef6alt,Char
k,k_ef6ot,Char
k,k_ef6otalt,Char
k,k_ef7,Char
k,k_ef7alt,Char
k,k_ef7ot,Char
k,k_ef7otalt,Char
k,k_ef9,Char
k,k_ef11,Char
k,k_ef18,Char
k,k_ef20,Char
k,k_ef24,Char
k,k_ef26,Char
k,k_ef27,Char
k,k_ef28,Char
k,k_ef34,Char
k,k_ef35,Char
k,k_ef36,Char
k,k_c13110,Num
k,k_c13152,Num
k,k_c13175,Num
k,k_c13179,Num
k,k_c13182,Num
k,k_c13185,Num
k,k_c13203,Num
k,k_c13204,Num
k,k_c13205,Num
k,k_c13217,Num
k,k_c13237,Num
k,k_c13238,Num
k,k_c13249,Num
k,k_c13250,Num
k,k_c13265,Num
k,k_c13279,Num
k,k_c13280,Num
k,k_c13282,Num
k,k_c13290,Num
k,k_c13291,Num
k,k_c13292,Num
k,k_c13293,Num
k,k_c13294,Num
k,k_c13295,Num
k,k_c13296,Num
k,k_c13298,Num
k,k_c13300,Num
k,k_c13310,Num
k,k_c13311,Num
k,k_c13313,Num
k,k_c13314,Num
k,k_c15010,Num
k,k_c15018,Num
k,k_c15028,Num
k,k_c15040,Num
k,k_c15042,Num
k,k_c15044,Num
k,k_c15045,Num
k,k_c15046,Num
k,k_c15047,Num
k,k_c15048,Num
k,k_c15056,Num
k,k_c15057,Num
k,k_c15059,Num
k,k_c15066,Num
k,k_c15067,Num
k,k_c15071,Num
k,k_c15084,Num
k,k_c15088,Num
k,k_c16211,Num
k,k_c16240,Num
k,k_c16241,Num
k,k_c16242,Num
k,k_c16243,Num
k,k_c16244,Num
k,k_c16245,Num
k,k_c16246,Num
k,k_c16247,Num
k,k_c16248,Num
k,k_c16263,Num
k,k_c16266,Num
k,k_c16270,Num
k,k_c16310,Num
k,k_c17130,Num
k,k_c17234,Num
k,k_c17273,Num
k,k_c17274,Num
k,k_c17275,Num
k,k_c17276,Num
k,k_c17300,Num
k,k_c19120,Num
k,k_c19185,Num
k,k_c19202,Num
k,k_c19203,Num
k,k_c19204,Num
k,k_c19205,Num
k,k_c19206,Num
k,k_c19209,Num
k,k_c19210,Num
k,k_c19211,Num
k,k_c19212,Num
k,k_c19213,Num
k,k_c19216,Num
k,k_c19217,Num
k,k_c19218,Num
k,k_c19219,Num
k,k_c19237,Num
k,k_c19238,Num
k,k_c19239,Num
k,k_c19244,Num
k,k_c19245,Num
k,k_c19246,Num
k,k_c19247,Num
k,k_c19264,Num
k,k_c19265,Num
k,k_c19266,Num
k,k_c19267,Num
k,k_c19268,Num
k,k_c19269,Num
k,k_c19270,Num
k,k_c19271,Num
k,k_c19282,Num
k,k_c19283,Num
k,k_c19284,Num
k,k_c19285,Num
k,k_c19286,Num
k,k_c19287,Num
k,k_c19288,Num
k,k_c19289,Num
k,k_c19291,Num
k,k_c19292,Num
k,k_c19293,Num
k,k_c19294,Num
k,k_c19295,Num
k,k_c19296,Num
k,k_c19297,Num
k,k_c20010,Num
k,k_c20012,Num
k,k_c20036,Num
k,k_c20038,Num
k,k_c20060,Num
k,k_c20070,Num
k,k_c20073,Num
k,k_c20074,Num
k,k_c20076,Num
k,k_c25101,Num
k,k_c25102,Num
k,k_c25103,Num
k,k_c25104,Num
k,k_c25105,Num
k,k_c25106,Num
k,k_c25107,Num
k,k_c25108,Num
k,k_c25109,Num
k,k_c25110,Num
k,k_c25130,Num
k,k_c25131,Num
k,k_c25133,Num
k,k_c25134,Num
k,k_c25135,Num
k,k_c25136,Num
k,k_c25137,Num
k,k_c25138,Num
k,k_c25139,Num
k,k_c25140,Num
k,k_c25141,Num
k,k_c25142,Num
k,k_c25148,Num
k,k_c25149,Num
k,k_c25152,Num
k,k_c25153,Num
k,k_c25154,Num
k,k_c25155,Num
k,k_c25156,Num
k,k_c25157,Num
k,k_c25158,Num
k,k_c25159,Num
k,k_c25160,Num
k,k_c25161,Num
k,k_c25162,Num
k,k_c25201,Num
k,k_c25202,Num
k,k_c25203,Num
k,k_c25204,Num
k,k_c25205,Num
k,k_c25206,Num
k,k_c25207,Num
k,k_c25208,Num
k,k_c25209,Num
k,k_c25210,Num
k,k_c25220,Num
k,k_c25230,Num
k,k_c25231,Num
k,k_c25233,Num
k,k_c25234,Num
k,k_c25235,Num
k,k_c25236,Num
k,k_c25237,Num
k,k_c25238,Num
k,k_c25239,Num
k,k_c25240,Num
k,k_c25241,Num
k,k_c25242,Num
k,k_c25248,Num
k,k_c25249,Num
k,k_c25252,Num
k,k_c25253,Num
k,k_c25254,Num
k,k_c25256,Num
k,k_c25257,Num
k,k_c25258,Num
k,k_c25259,Num
k,k_c25260,Num
k,k_c25261,Num
k,k_c25262,Num
k,k_c25301,Num
k,k_c25302,Num
k,k_c25303,Num
k,k_c25304,Num
k,k_c25305,Num
k,k_c25306,Num
k,k_c25307,Num
k,k_c25308,Num
k,k_c25309,Num
k,k_c25310,Num
k,k_c25320,Num
k,k_c25330,Num
k,k_c25333,Num
k,k_c25334,Num
k,k_c25335,Num
k,k_c25336,Num
k,k_c25337,Num
k,k_c25338,Num
k,k_c25341,Num
k,k_c25348,Num
k,k_c25349,Num
k,k_c25352,Num
k,k_c25353,Num
k,k_c25354,Num
k,k_c25355,Num
k,k_c25357,Num
k,k_c25358,Num
k,k_c25359,Num
k,k_c25360,Num
k,k_c25361,Num
k,k_c25362,Num
k,k_c25401,Num
k,k_c25402,Num
k,k_c25403,Num
k,k_c25404,Num
k,k_c25406,Num
k,k_c25407,Num
k,k_c25408,Num
k,k_c25409,Num
k,k_c25410,Num
k,k_c25420,Num
k,k_c25430,Num
k,k_c25431,Num
k,k_c25433,Num
k,k_c25434,Num
k,k_c25435,Num
k,k_c25436,Num
k,k_c25437,Num
k,k_c25448,Num
k,k_c25449,Num
k,k_c25452,Num
k,k_c25453,Num
k,k_c25454,Num
k,k_c25458,Num
k,k_c25459,Num
k,k_c25460,Num
k,k_c25461,Num
k,k_c25462,Num
k,k_c25501,Num
k,k_c25502,Num
k,k_c25503,Num
k,k_c25504,Num
k,k_c25507,Num
k,k_c25508,Num
k,k_c25509,Num
k,k_c25510,Num
k,k_c25520,Num
k,k_c25530,Num
k,k_c25533,Num
k,k_c25534,Num
k,k_c25535,Num
k,k_c25536,Num
k,k_c25548,Num
k,k_c25549,Num
k,k_c25552,Num
k,k_c25553,Num
k,k_c25554,Num
k,k_c25558,Num
k,k_c25559,Num
k,k_c25560,Num
k,k_c25561,Num
k,k_c25562,Num
k,k_c25601,Num
k,k_c25602,Num
k,k_c25604,Num
k,k_c25607,Num
k,k_c25609,Num
k,k_c25610,Num
k,k_c25620,Num
k,k_c25630,Num
k,k_c25633,Num
k,k_c25634,Num
k,k_c25636,Num
k,k_c25637,Num
k,k_c25648,Num
k,k_c25649,Num
k,k_c25652,Num
k,k_c25653,Num
k,k_c25654,Num
k,k_c25658,Num
k,k_c25659,Num
k,k_c25660,Num
k,k_c25661,Num
k,k_c25662,Num
k,k_c25701,Num
k,k_c25702,Num
k,k_c25704,Num
k,k_c25707,Num
k,k_c25709,Num
k,k_c25710,Num
k,k_c25720,Num
k,k_c25730,Num
k,k_c25733,Num
k,k_c25734,Num
k,k_c25735,Num
k,k_c25736,Num
k,k_c25748,Num
k,k_c25749,Num
k,k_c25752,Num
k,k_c25753,Num
k,k_c25754,Num
k,k_c25758,Num
k,k_c25759,Num
k,k_c25760,Num
k,k_c25761,Num
k,k_c25762,Num
k,k_c25850,Num
k,k_c25852,Num
k,k_c25854,Num
k,k_c25856,Num
k,k_c25858,Num
k,k_c25866,Num
k,k_c25874,Num
k,k_c25876,Num
k,k_c26040,Num
k,k_c26041,Num
k,k_c26063,Num
k,k_c26064,Num
k,k_c33100,Num
k,k_c33102,Num
k,k_c33104,Num
k,k_c33105,Num
k,k_c33106,Num
k,k_c33110,Num
k,k_c33111,Num
k,k_c33150,Num
k,k_c33170,Num
k,k_c33171,Num
k,k_c33172,Num
k,k_c33173,Num
k,k_c33174,Num
k,k_c33175,Num
k,k_c33180,Num
k,k_c33181,Num
k,k_c35010,Num
k,k_c35011,Num
k,k_c35012,Num
k,k_c35013,Num
k,k_c35014,Num
k,k_c35015,Num
k,k_c35021,Num
k,k_c35023,Num
k,k_c35033,Num
k,k_c35034,Num
k,k_c35036,Num
k,k_c35038,Num
k,k_c35039,Num
k,k_c35040,Num
k,k_c35041,Num
k,k_c35044,Num
k,k_c35045,Num
k,k_c35046,Num
k,k_c35047,Num
k,k_c35049,Num
k,k_c35054,Num
k,k_c35055,Num
k,k_c35057,Num
k,k_c35058,Num
k,k_c35059,Num
k,k_c35080,Num
k,k_c35081,Num
k,k_c35088,Num
k,k_c37010,Num
k,k_c37013,Num
k,k_c37018,Num
k,k_c37021,Num
k,k_c37026,Num
k,k_c37038,Num
k,k_c37045,Num
k,k_c37051,Num
k,k_c37053,Num
k,k_c37054,Num
k,k_c37055,Num
k,k_c37078,Num
k,k_c48110,Num
k,k_c48111,Num
k,k_c48112,Num
k,k_c48113,Num
k,k_c48114,Num
k,k_c48115,Num
k,k_c48116,Num
k,k_c48117,Num
k,k_c48118,Num
k,k_c48119,Num
k,k_c48120,Num
k,k_c48121,Num
k,k_c48122,Num
k,k_c48131,Num
k,k_c48132,Num
k,k_c48133,Num
k,k_c48134,Num
k,k_c48135,Num
k,k_c48136,Num
k,k_c48137,Num
k,k_c48139,Num
k,k_c48145,Num
k,k_c48146,Num
k,k_c48148,Num
k,k_c48150,Num
k,k_c48154,Num
k,k_c48161,Num
k,k_c48162,Num
k,k_c48163,Num
k,k_c48164,Num
k,k_c48165,Num
k,k_c48168,Num
k,k_c48169,Num
k,k_c48170,Num
k,k_c48171,Num
k,k_c48175,Num
k,k_c48176,Num
k,k_c48177,Num
k,k_c48179,Num
k,k_c48180,Num
k,k_c48181,Num
k,k_c48182,Num
k,k_c48183,Num
k,k_c48184,Num
k,k_c48185,Num
k,k_c48186,Num
k,k_c48187,Num
k,k_c48188,Num
k,k_c48213,Num
k,k_c48214,Num
k,k_c48220,Num
k,k_c48221,Num
k,k_c48222,Num
k,k_c48223,Num
k,k_c48224,Num
k,k_c48225,Num
k,k_c48226,Num
k,k_c48227,Num
k,k_c48228,Num
k,k_c48230,Num
k,k_c48231,Num
k,k_c48232,Num
k,k_c48233,Num
k,k_c48234,Num
k,k_c48236,Num
k,k_c48237,Num
k,k_c48240,Num
k,k_c48241,Num
k,k_c48242,Num
k,k_c48243,Num
k,k_c48247,Num
k,k_c48250,Num
k,k_c48251,Num
k,k_c48252,Num
k,k_c48253,Num
k,k_c48254,Num
k,k_c48255,Num
k,k_c48256,Num
k,k_c48257,Num
k,k_c48258,Num
k,k_c48259,Num
k,k_c48260,Num
k,k_c48261,Num
k,k_c48262,Num
k,k_c48270,Num
k,k_c48271,Num
k,k_c48272,Num
k,k_c48273,Num
k,k_c48280,Num
k,k_c48284,Num
k,k_c48285,Num
k,k_c48287,Num
k,k_c48290,Num
k,k_c48291,Num
k,k_c48292,Num
k,k_c48293,Num
k,k_c48295,Num
k,k_c48296,Num
k,k_c48297,Num
k,k_c48298,Num
k,k_c48341,Num
k,k_c48342,Num
k,k_c48344,Num
k,k_c48345,Num
k,k_c48346,Num
k,k_c48351,Num
k,k_c48352,Num
k,k_c48353,Num
k,k_c48354,Num
k,k_c64004,Num
k,k_c64115,Num
k,k_c64119,Num
k,k_c64121,Num
k,k_c64122,Num
k,k_c64124,Num
k,k_c65100,Num
k,k_c65105,Num
k,k_c65106,Num
k,k_c65111,Num
k,k_c65112,Num
k,k_c65114,Num
k,k_c65121,Num
k,k_c65160,Num
k,k_c65175,Num
k,k_c65971,Num
k,k_c65977,Num
k,k_c66017,Num
k,k_c66117,Num
k,k_c66135,Num
k,k_c66137,Num
k,k_c66138,Num
k,k_c66139,Num
k,k_c66216,Num
k,k_c66421,Num
k,k_c66423,Num
k,k_c66428,Num
k,k_c66429,Num
k,k_c66446,Num
k,k_c66449,Num
k,k_c66452,Num
k,k_c66455,Num
k,k_c66456,Num
k,k_c66459,Num
k,k_c66590,Num
k,k_c66591,Num
k,k_c66592,Num
k,k_c66704,Num
k,k_c66706,Num
k,k_c66713,Num
k,k_c66715,Num
k,k_c66716,Num
k,k_c66732,Num
k,k_c66733,Num
k,k_c66736,Num
k,k_c66737,Num
k,k_c66738,Num
k,k_c66741,Num
k,k_c66746,Num
k,k_c66780,Num
k,k_c66781,Num
k,k_c66782,Num
k,k_c66789,Num
k,k_c66794,Num
k,k_c66827,Num
k,k_c66829,Num
k,k_c66839,Num
k,k_c66861,Num
k,k_c66862,Num
k,k_c66863,Num
k,k_c66878,Num
k,k_c66880,Num
k,k_c66882,Num
k,k_c66883,Num
k,k_c66885,Num
k,k_c66886,Num
k,k_c66890,Num
k,k_c66894,Num
k,k_c66916,Num
k,k_c66942,Num
k,k_c66947,Num
k,k_c66969,Num
k,k_k13111,Num
k,k_k13150,Num
k,k_k13165,Num
k,k_k14012,Num
k,k_k14015,Num
k,k_k14017,Num
k,k_k14021,Num
k,k_k14025,Num
k,k_k14026,Num
k,k_k14029,Num
k,k_k14030,Num
k,k_k14031,Num
k,k_k14032,Num
k,k_k14033,Num
k,k_k14035,Num
k,k_k14043,Num
k,k_k14044,Num
k,k_k14045,Num
k,k_k15051,Num
k,k_k15052,Num
k,k_k15053,Num
k,k_k15054,Num
k,k_k15055,Num
k,k_k15058,Num
k,k_k15074,Num
k,k_k15075,Num
k,k_k15076,Num
k,k_k15077,Num
k,k_k15078,Num
k,k_k15080,Num
k,k_k15081,Num
k,k_k15082,Num
k,k_k15089,Num
k,k_k16121,Num
k,k_k17110,Num
k,k_k17111,Num
k,k_k17112,Num
k,k_k17112,Num
k,k_k17113,Num
k,k_k17114,Num
k,k_k17115,Num
k,k_k17116,Num
k,k_k17119,Num
k,k_k17120,Num
k,k_k17121,Num
k,k_k17122,Num
k,k_k17130,Char
k,k_k17134,Num
k,k_k17140,Num
k,k_k17147,Num
k,k_k17148,Num
k,k_k17149,Num
k,k_k17150,Num
k,k_k17152,Num
k,k_k17155,Num
k,k_k17156,Num
k,k_k17160,Num
k,k_k17163,Num
k,k_k17165,Num
k,k_k17168,Num
k,k_k17173,Num
k,k_k17174,Num
k,k_k17175,Num
k,k_k17180,Num
k,k_k17183,Num
k,k_k17188,Num
k,k_k17210,Num
k,k_k17211,Num
k,k_k17212,Num
k,k_k17213,Num
k,k_k17214,Num
k,k_k17221,Num
k,k_k17222,Num
k,k_k17223,Num
k,k_k17224,Num
k,k_k17225,Num
k,k_k17231,Num
k,k_k17233,Num
k,k_k17234,Num
k,k_k17235,Num
k,k_k17236,Num
k,k_k17237,Num
k,k_k17238,Num
k,k_k17239,Num
k,k_k17240,Num
k,k_k17241,Num
k,k_k17242,Num
k,k_k17243,Num
k,k_k17244,Num
k,k_k17245,Num
k,k_k17246,Num
k,k_k17247,Num
k,k_k17248,Num
k,k_k17249,Num
k,k_k17250,Num
k,k_k17251,Num
k,k_k17252,Num
k,k_k17253,Num
k,k_k17254,Num
k,k_k17255,Num
k,k_k17256,Num
k,k_k17257,Num
k,k_k17258,Num
k,k_k17259,Num
k,k_k17260,Num
k,k_k17261,Num
k,k_k17262,Num
k,k_k17263,Num
k,k_k17270,Num
k,k_k17273,Num
k,k_k17274,Num
k,k_k17277,Num
k,k_k17278,Num
k,k_k17279,Num
k,k_k17280,Num
k,k_k17281,Num
k,k_k17282,Num
k,k_k17283,Num
k,k_k17284,Num
k,k_k17285,Num
k,k_k17286,Num
k,k_k17287,Num
k,k_k17288,Num
k,k_k17289,Num
k,k_k17290,Num
k,k_k17291,Num
k,k_k17292,Num
k,k_k17293,Num
k,k_k17371,Num
k,k_k17375,Num
k,k_k17376,Num
k,k_k19250,Num
k,k_k19252,Num
k,k_k37015,Num
k,k_k37016,Num
k,k_k37019,Num
k,k_k37025,Num
k,k_k37036,Num
k,k_k37039,Num
k,k_k37052,Num
k,k_k37054,Num
k,k_k37055,Num
k,k_k64032,Num
k,k_k64062,Num
k,k_k64116,Num
k,k_k64130,Num
k,k_k64220,Num
k,k_k64221,Num
k,k_k64222,Num
k,k_k64223,Num
k,k_k64225,Num
k,k_k64226,Num
k,k_k64227,Num
k,k_k64228,Num
k,k_k64229,Num
k,k_k64230,Num
k,k_k64231,Num
k,k_k64232,Num
k,k_k64233,Num
k,k_k64234,Num
k,k_k64236,Num
k,k_k64237,Num
k,k_k64238,Num
k,k_k64239,Num
k,k_k64240,Num
k,k_k65023,Num
k,k_k65030,Num
k,k_k65109,Num
k,k_k65110,Num
k,k_k65115,Num
k,k_k65116,Num
k,k_k65126,Num
k,k_k65140,Num
k,k_k65141,Num
k,k_k65142,Num
k,k_k65153,Num
k,k_k65165,Num
k,k_k65172,Num
k,k_k65178,Num
k,k_k65180,Num
k,k_k65198,Num
k,k_k65199,Num
k,k_k65200,Num
k,k_k65201,Num
k,k_k65269,Num
k,k_k65270,Num
k,k_k65274,Num
k,k_k65276,Num
k,k_k65277,Num
k,k_k65279,Num
k,k_k65291,Num
k,k_k65294,Num
k,k_k65295,Num
k,k_k65669,Num
k,k_k65671,Num
k,k_k65816,Num
k,k_k65822,Num
k,k_k65823,Num
k,k_k65824,Num
k,k_k65825,Num
k,k_k65829,Num
k,k_k65837,Num
k,k_k65839,Num
k,k_k65979,Num
k,k_k66276,Num
k,k_k66492,Num
k,k_k66494,Num
k,k_k66495,Num
k,k_k66598,Num
k,k_k66866,Num
k,k_k66912,Num
k,k_k66923,Num
k,k_k66926,Num
k,k_k66995,Num
k,k_t13113,Num
k,k_t13116,Num
k,k_t13130,Num
k,k_t13131,Num
k,k_t13138,Num
k,k_t13139,Num
k,k_t13140,Num
k,k_t13148,Num
k,k_t13151,Num
k,k_t13160,Num
k,k_t13161,Num
k,k_t13166,Num
k,k_t13168,Num
k,k_t13175,Num
k,k_t13179,Num
k,k_t13181,Num
k,k_t13185,Num
k,k_t13210,Num
k,k_t13211,Num
k,k_t13213,Num
k,k_t13216,Num
k,k_t13220,Num
k,k_t13221,Num
k,k_t13222,Num
k,k_t13223,Num
k,k_t13224,Num
k,k_t13225,Num
k,k_t13226,Num
k,k_t13227,Num
k,k_t13228,Num
k,k_t13229,Num
k,k_t13230,Num
k,k_t13231,Num
k,k_t13232,Num
k,k_t13235,Num
k,k_t13236,Num
k,k_t13237,Num
k,k_t13238,Num
k,k_t13239,Num
k,k_t13240,Num
k,k_t13241,Num
k,k_t13242,Num
k,k_t13243,Num
k,k_t13245,Num
k,k_t13246,Num
k,k_t13247,Num
k,k_t13249,Num
k,k_t13251,Num
k,k_t13252,Num
k,k_t13253,Num
k,k_t13260,Num
k,k_t13267,Num
k,k_t13279,Num
k,k_t13280,Num
k,k_t13281,Num
k,k_t13283,Num
k,k_t13284,Num
k,k_t13285,Num
k,k_t13286,Num
k,k_t13287,Num
k,k_t13288,Num
k,k_t13289,Num
k,k_t13290,Num
k,k_t13291,Num
k,k_t13292,Num
k,k_t13293,Num
k,k_t13294,Num
k,k_t13297,Num
k,k_t13300,Num
k,k_t13301,Num
k,k_t13302,Num
k,k_t13310,Num
k,k_t13311,Num
k,k_t13312,Num
k,k_t13314,Num
k,k_t13315,Num
k,k_t13316,Num
k,k_t13318,Num
k,k_t13319,Num
k,k_t13320,Num
k,k_t13321,Num
k,k_t13322,Num
k,k_t13323,Num
k,k_t13324,Num
k,k_t13325,Num
k,k_t13326,Num
k,k_t13327,Num
k,k_t13328,Num
k,k_t13329,Num
k,k_t13330,Num
k,k_t13350,Num
k,k_t13351,Num
k,k_t13352,Num
k,k_t13353,Num
k,k_t13354,Num
k,k_t13355,Num
k,k_t13360,Num
k,k_t13361,Num
k,k_t13362,Num
k,k_t13363,Num
k,k_t13364,Num
k,k_t13365,Num
k,k_t13370,Num
k,k_t13371,Num
k,k_t13372,Num
k,k_t13373,Num
k,k_t13374,Num
k,k_t13375,Num
k,k_t13376,Num
k,k_t13377,Num
k,k_t13378,Num
k,k_t13379,Num
k,k_t13380,Num
k,k_t13381,Num
k,k_t13382,Num
k,k_t13383,Num
k,k_t13384,Num
k,k_t13385,Num
k,k_t13386,Num
k,k_t13387,Num
k,k_t13388,Num
k,k_t13389,Num
k,k_t13390,Num
k,k_t13391,Num
k,k_t13392,Num
k,k_t13393,Num
k,k_t13394,Num
k,k_t13395,Num
k,k_t15043,Num
k,k_t15062,Num
k,k_t15063,Num
k,k_t15071,Num
k,k_t15072,Num
k,k_t15073,Num
k,k_t15078,Num
k,k_t15083,Num
k,k_t16111,Num
k,k_t16112,Num
k,k_t16127,Num
k,k_t16128,Num
k,k_t16130,Num
k,k_t16131,Num
k,k_t16132,Num
k,k_t16133,Num
k,k_t16134,Num
k,k_t16135,Num
k,k_t16136,Num
k,k_t16137,Num
k,k_t16138,Num
k,k_t16140,Num
k,k_t16141,Num
k,k_t16142,Num
k,k_t16143,Num
k,k_t16144,Num
k,k_t16145,Num
k,k_t16146,Num
k,k_t16147,Num
k,k_t16148,Num
k,k_t16162,Num
k,k_t16175,Num
k,k_t16184,Num
k,k_t16185,Num
k,k_t16187,Num
k,k_t16188,Num
k,k_t16227,Num
k,k_t16228,Num
k,k_t16229,Num
k,k_t16239,Num
k,k_t16249,Num
k,k_t16263,Num
k,k_t16264,Num
k,k_t16265,Num
k,k_t16267,Num
k,k_t16268,Num
k,k_t16269,Num
k,k_t16277,Num
k,k_t16278,Num
k,k_t16281,Num
k,k_t16282,Num
k,k_t16287,Num
k,k_t16288,Num
k,k_t19122,Num
k,k_t19123,Num
k,k_t19131,Num
k,k_t19133,Num
k,k_t19134,Num
k,k_t19220,Num
k,k_t19221,Num
k,k_t19231,Num
k,k_t19233,Num
k,k_t19234,Num
k,k_t19255,Num
k,k_t19259,Num
k,k_t19261,Num
k,k_t19263,Num
k,k_t20010,Num
k,k_t20012,Num
k,k_t20038,Num
k,k_t25120,Num
k,k_t26040,Num
k,k_t26058,Num
k,k_t26060,Num
k,k_t26062,Num
k,k_t26064,Num
k,k_t33101,Num
k,k_t33102,Num
k,k_t33103,Num
k,k_t33105,Num
k,k_t33106,Num
k,k_t33107,Num
k,k_t33108,Num
k,k_t33110,Num
k,k_t33112,Num
k,k_t33113,Num
k,k_t33151,Num
k,k_t33152,Num
k,k_t33153,Num
k,k_t33154,Num
k,k_t33155,Num
k,k_t33161,Num
k,k_t33170,Num
k,k_t33171,Num
k,k_t33172,Num
k,k_t33175,Num
k,k_t37021,Num
k,k_t37028,Num
k,k_t37038,Num
k,k_t48217,Num
k,k_t48235,Num
k,k_t64001,Num
k,k_t64002,Num
k,k_t64003,Num
k,k_t64023,Num
k,k_t64024,Num
k,k_t64115,Num
k,k_t64117,Num
k,k_t64118,Num
k,k_t64119,Num
k,k_t64121,Num
k,k_t64122,Num
k,k_t64124,Num
k,k_t65100,Num
k,k_t65111,Num
k,k_t65113,Num
k,k_t65118,Num
k,k_t65271,Num
k,k_t65273,Num
k,k_t65684,Num
k,k_t65817,Num
k,k_t65818,Num
k,k_t65819,Num
k,k_t65820,Num
k,k_t65821,Num
k,k_t65971,Num
k,k_t65979,Num
k,k_t65980,Num
k,k_t66216,Num
k,k_t66299,Num
k,k_t66300,Num
k,k_t66447,Num
k,k_t66449,Num
k,k_t66450,Num
k,k_t66451,Num
k,k_t66453,Num
k,k_t66454,Num
k,k_t66455,Num
k,k_t66457,Num
k,k_t66458,Num
k,k_t66459,Num
k,k_t66583,Num
k,k_t66703,Num
k,k_t66705,Num
k,k_t66707,Num
k,k_t66711,Num
k,k_t66734,Num
k,k_t66745,Num
k,k_t66833,Num
k,k_t66844,Num
k,k_t66878,Num
k,k_t66887,Num
k,k_t66925,Num
k,k_t66976,Num
e,e_ef4,Char
e,e_ef9,Char
e,e_ef10,Char
e,e_ef11,Char
e,e_ef13,Char
e,e_ef14,Char
e,e_ef15,Char
e,e_ef16,Char
e,e_ef17,Char
e,e_ef18,Char
e,e_ef19,Char
e,e_ef21,Char
e,e_ef22,Char
e,e_ef23,Char
e,e_ef24,Char
e,e_ef25,Char
e,e_c13020,Num
e,e_c13113,Num
e,e_c13120,Num
e,e_c13121,Num
e,e_c13122,Num
e,e_c13123,Num
e,e_c13124,Num
e,e_c13125,Num
e,e_c13126,Num
e,e_c13313,Num
e,e_c13320,Num
e,e_c13321,Num
e,e_c13322,Num
e,e_c15103,Num
e,e_c15104,Num
e,e_c15111,Num
e,e_c15120,Num
e,e_c15131,Num
e,e_c15132,Num
e,e_c20102,Num
e,e_c20103,Num
e,e_c20104,Num
e,e_c20106,Num
e,e_c20108,Num
e,e_c20111,Num
e,e_c20112,Num
e,e_c20119,Num
e,e_c20140,Num
e,e_c20141,Num
e,e_c20159,Num
e,e_c25100,Num
e,e_c25110,Num
e,e_c25120,Num
e,e_c25123,Num
e,e_c25130,Num
e,e_c25131,Num
e,e_c25132,Num
e,e_c25134,Num
e,e_c25135,Num
e,e_c25136,Num
e,e_c25137,Num
e,e_c25138,Num
e,e_c25139,Num
e,e_c25142,Num
e,e_c25144,Num
e,e_c25145,Num
e,e_c25146,Num
e,e_c25147,Num
e,e_c25150,Num
e,e_c25151,Num
e,e_c25152,Num
e,e_c25162,Num
e,e_c25164,Num
e,e_c25165,Num
e,e_c25168,Num
e,e_c25171,Num
e,e_c25172,Num
e,e_c25174,Num
e,e_c25175,Num
e,e_c25176,Num
e,e_c25177,Num
e,e_c25180,Num
e,e_c25181,Num
e,e_c25182,Num
e,e_c25183,Num
e,e_c25185,Num
e,e_c25186,Num
e,e_c25187,Num
e,e_c25188,Num
e,e_c25190,Num
e,e_c25191,Num
e,e_c25194,Num
e,e_c25195,Num
e,e_c25199,Num
e,e_c25217,Num
e,e_c25218,Num
e,e_c25219,Num
e,e_c25221,Num
e,e_c25222,Num
e,e_c25223,Num
e,e_c25224,Num
e,e_c25225,Num
e,e_c25226,Num
e,e_c25227,Num
e,e_c25228,Num
e,e_c25229,Num
e,e_c25232,Num
e,e_c25234,Num
e,e_c25240,Num
e,e_c25241,Num
e,e_c25242,Num
e,e_c25243,Num
e,e_c25244,Num
e,e_c25245,Num
e,e_c25250,Num
e,e_c25255,Num
e,e_c25261,Num
e,e_c25262,Num
e,e_c25263,Num
e,e_c25264,Num
e,e_c25271,Num
e,e_c25280,Num
e,e_c25281,Num
e,e_c25290,Num
e,e_c25293,Num
e,e_c25671,Num
e,e_c27120,Num
e,e_c27124,Num
e,e_c27125,Num
e,e_c27170,Num
e,e_c27180,Num
e,e_c27181,Num
e,e_c27182,Num
e,e_c27187,Num
e,e_c27190,Num
e,e_c27191,Num
e,e_c27671,Num
e,e_c27687,Num
e,e_c29122,Num
e,e_c29123,Num
e,e_c30111,Num
e,e_c30113,Num
e,e_c30120,Num
e,e_c40100,Num
e,e_c40101,Num
e,e_c40102,Num
e,e_c40105,Num
e,e_c40106,Num
e,e_c40110,Num
e,e_c40111,Num
e,e_c40112,Num
e,e_c40113,Num
e,e_c40114,Num
e,e_c40115,Num
e,e_c40116,Num
e,e_c40120,Num
e,e_c40121,Num
e,e_c40122,Num
e,e_c40124,Num
e,e_c40125,Num
e,e_c40126,Num
e,e_c40190,Num
e,e_c40200,Num
e,e_c40201,Num
e,e_c40202,Num
e,e_c40205,Num
e,e_c40206,Num
e,e_c40210,Num
e,e_c40211,Num
e,e_c40212,Num
e,e_c40214,Num
e,e_c40215,Num
e,e_c40216,Num
e,e_c40320,Num
e,e_c40321,Num
e,e_c40322,Num
e,e_c40324,Num
e,e_c40325,Num
e,e_c40326,Num
e,e_c40400,Num
e,e_c40401,Num
e,e_c40402,Num
e,e_c40403,Num
e,e_c40404,Num
e,e_c40405,Num
e,e_c40406,Num
e,e_c40410,Num
e,e_c40411,Num
e,e_c40412,Num
e,e_c40413,Num
e,e_c40414,Num
e,e_c40415,Num
e,e_c40416,Num
e,e_c40420,Num
e,e_c40421,Num
e,e_c40422,Num
e,e_c40423,Num
e,e_c40424,Num
e,e_c40425,Num
e,e_c40426,Num
e,e_c40432,Num
e,e_c40434,Num
e,e_c40436,Num
e,e_c40440,Num
e,e_c40441,Num
e,e_c40444,Num
e,e_c40446,Num
e,e_c40450,Num
e,e_c40451,Num
e,e_c40454,Num
e,e_c40456,Num
e,e_c40460,Num
e,e_c40461,Num
e,e_c40464,Num
e,e_c40466,Num
e,e_c40470,Num
e,e_c40471,Num
e,e_c40474,Num
e,e_c40480,Num
e,e_c40490,Num
e,e_c40499,Num
e,e_c40500,Num
e,e_c40501,Num
e,e_c40502,Num
e,e_c40505,Num
e,e_c40506,Num
e,e_c40510,Num
e,e_c40511,Num
e,e_c40512,Num
e,e_c40515,Num
e,e_c40516,Num
e,e_c40600,Num
e,e_c40602,Num
e,e_c40605,Num
e,e_c40606,Num
e,e_c41100,Num
e,e_c41130,Num
e,e_c41150,Num
e,e_c41160,Num
e,e_c41161,Num
e,e_c41162,Num
e,e_c41163,Num
e,e_c41165,Num
e,e_c41200,Num
e,e_c41210,Num
e,e_c41300,Num
e,e_c41310,Num
e,e_c41321,Num
e,e_c41322,Num
e,e_c41331,Num
e,e_c41332,Num
e,e_c41340,Num
e,e_c41350,Num
e,e_c41360,Num
e,e_c41370,Num
e,e_c41400,Num
e,e_c41405,Num
e,e_c41410,Num
e,e_c41430,Num
e,e_c41610,Num
e,e_c41622,Num
e,e_c41632,Num
e,e_c43100,Num
e,e_c43161,Num
e,e_c43162,Num
e,e_c43163,Num
e,e_c43210,Num
e,e_c43315,Num
e,e_c43325,Num
e,e_c43335,Num
e,e_c43405,Num
e,e_c43615,Num
e,e_c43625,Num
e,e_c43635,Num
e,e_c65113,Num
e,e_c65114,Num
e,e_c65119,Num
e,e_c65120,Num
e,e_c65121,Num
e,e_c65130,Num
e,e_c65140,Num
e,e_c65300,Num
e,e_c65301,Num
e,e_c65302,Num
e,e_c65303,Num
e,e_c65304,Num
e,e_c65305,Num
e,e_c65306,Num
e,e_c65307,Num
e,e_c65308,Num
e,e_c65309,Num
e,e_c65350,Num
e,e_c65351,Num
e,e_c65352,Num
e,e_c65353,Num
e,e_c65354,Num
e,e_c65355,Num
e,e_c65356,Num
e,e_c65357,Num
e,e_c65358,Num
e,e_c65420,Num
e,e_c65421,Num
e,e_c65422,Num
e,e_c65423,Num
e,e_c65432,Num
e,e_c65470,Num
e,e_c65480,Num
e,e_c65481,Num
e,e_c65490,Num
e,e_c65501,Num
e,e_c65502,Num
e,e_c65503,Num
e,e_c65531,Num
e,e_c65532,Num
e,e_c65541,Num
e,e_c65542,Num
e,e_c65580,Num
e,e_c65581,Num
e,e_c65590,Num
e,e_c65593,Num
e,e_c65594,Num
e,e_c65603,Num
e,e_c65610,Num
e,e_c65611,Num
e,e_c65612,Num
e,e_c65613,Num
e,e_c65614,Num
e,e_c65615,Num
e,e_c65616,Num
e,e_c65621,Num
e,e_c65622,Num
e,e_c65623,Num
e,e_c65624,Num
e,e_c65625,Num
e,e_c65626,Num
e,e_c65630,Num
e,e_c65631,Num
e,e_c65632,Num
e,e_c65671,Num
e,e_c65687,Num
e,e_c65690,Num
e,e_c65693,Num
e,e_c65694,Num
e,e_c65761,Num
e,e_c65762,Num
e,e_c65770,Num
e,e_c65771,Num
e,e_c65772,Num
e,e_c65773,Num
e,e_c65774,Num
e,e_c65811,Num
e,e_c65813,Num
e,e_c65820,Num
p,p_ef7,Char
p,p_ef8,Char
p,p_ef9,Char
p,p_ef12,Char
p,p_ef14,Char
p,p_ef16,Char
p,p_ef17,Char
p,p_ef18,Char
p,p_ef19,Char
p,p_ef28,Char
p,p_ef30,Char
p,p_ef31,Char
p,p_ef32,Char
p,p_ef33,Num
p,p_ef34,Num
p,p_ef35,Num
p,p_ef36,Num
p,p_ef37,Num
p,p_ef58,Num
p,p_ef59,Num
p,p_ef60,Num
p,p_ef62,Num
p,p_ef103,Char
p,p_ef105,Char
p,p_ef106,Char
p,p_c035010,Num
p,p_c035011,Num
p,p_c035012,Num
p,p_c035013,Num
p,p_c035014,Num
p,p_c035015,Num
p,p_c035021,Num
p,p_c035023,Num
p,p_c035033,Num
p,p_c035034,Num
p,p_c035036,Num
p,p_c035038,Num
p,p_c035039,Num
p,p_c035040,Num
p,p_c035041,Num
p,p_c035043,Num
p,p_c035044,Num
p,p_c035045,Num
p,p_c035046,Num
p,p_c035047,Num
p,p_c035049,Num
p,p_c035054,Num
p,p_c035055,Num
p,p_c035057,Num
p,p_c035058,Num
p,p_c035059,Num
p,p_c035065,Num
p,p_c035080,Num
p,p_c035088,Num
p,p_c063100,Num
p,p_c063102,Num
p,p_c063108,Num
p,p_c063113,Num
p,p_c063117,Num
p,p_c063127,Num
p,p_c063128,Num
p,p_c063130,Num
p,p_c063131,Num
p,p_c063134,Num
p,p_c063135,Num
p,p_c063136,Num
p,p_c063140,Num
p,p_c063144,Num
p,p_c063145,Num
p,p_c063146,Num
p,p_c063147,Num
p,p_c063150,Num
p,p_c063162,Num
p,p_c063163,Num
p,p_c063164,Num
p,p_c063165,Num
p,p_c063166,Num
p,p_c063167,Num
p,p_c063203,Num
p,p_c063210,Num
p,p_c063232,Num
p,p_c063233,Num
p,p_c063235,Num
p,p_c063239,Num
p,p_c063242,Num
p,p_c063243,Num
p,p_c063246,Num
p,p_c063250,Num
p,p_c063251,Num
p,p_c063254,Num
p,p_c063255,Num
p,p_c063262,Num
p,p_c063263,Num
p,p_c063264,Num
p,p_c063266,Num
p,p_c063273,Num
p,p_c063274,Num
p,p_c063280,Num
p,p_c063281,Num
p,p_c063284,Num
p,p_c063285,Num
p,p_c063292,Num
p,p_c063293,Num
p,p_c063303,Num
p,p_c063310,Num
p,p_c063311,Num
p,p_c063322,Num
p,p_c063323,Num
p,p_c063324,Num
p,p_c063333,Num
p,p_c063340,Num
p,p_c063341,Num
p,p_c063352,Num
p,p_c063353,Num
p,p_c063363,Num
p,p_c063370,Num
p,p_c063372,Num
p,p_c063380,Num
p,p_c063384,Num
p,p_c063385,Num
p,p_c063410,Num
p,p_c063411,Num
p,p_c063419,Num
p,p_c063420,Num
p,p_c063421,Num
p,p_c063424,Num
p,p_c063425,Num
p,p_c063430,Num
p,p_c063431,Num
p,p_c063433,Num
p,p_c063540,Num
p,p_c063541,Num
p,p_c063542,Num
p,p_c063543,Num
p,p_c063550,Num
p,p_c063551,Num
p,p_c063552,Num
p,p_c063555,Num
p,p_c063605,Num
p,p_c063607,Num
p,p_c063609,Num
p,p_c063610,Num
p,p_c063611,Num
p,p_c063612,Num
p,p_c063613,Num
p,p_c063614,Num
p,p_c063616,Num
p,p_c063662,Num
p,p_c063663,Num
p,p_c063742,Num
p,p_c063780,Num
p,p_c063781,Num
p,p_c063804,Num
p,p_c063805,Num
p,p_c063806,Num
p,p_c063818,Num
p,p_c063819,Num
p,p_c063820,Num
p,p_c063822,Num
p,p_c063823,Num
p,p_c063832,Num
p,p_c063833,Num
p,p_c063854,Num
p,p_c063855,Num
p,p_c063869,Num
p,p_c064100,Num
p,p_c064102,Num
p,p_c064108,Num
p,p_c064113,Num
p,p_c064117,Num
p,p_c064120,Num
p,p_c064121,Num
p,p_c064122,Num
p,p_c064123,Num
p,p_c064124,Num
p,p_c064125,Num
p,p_c064126,Num
p,p_c064127,Num
p,p_c064128,Num
p,p_c064130,Num
p,p_c064131,Num
p,p_c064134,Num
p,p_c064135,Num
p,p_c064136,Num
p,p_c064137,Num
p,p_c064140,Num
p,p_c064142,Num
p,p_c064143,Num
p,p_c064144,Num
p,p_c064145,Num
p,p_c064146,Num
p,p_c064147,Num
p,p_c064154,Num
p,p_c064158,Num
p,p_c064159,Num
p,p_c064162,Num
p,p_c064163,Num
p,p_c064164,Num
p,p_c064165,Num
p,p_c064166,Num
p,p_c064167,Num
p,p_c064175,Num
p,p_c064197,Num
p,p_c064198,Num
p,p_c064199,Num
p,p_c064200,Num
p,p_c064203,Num
p,p_c064207,Num
p,p_c064210,Num
p,p_c064212,Num
p,p_c064213,Num
p,p_c064218,Num
p,p_c064232,Num
p,p_c064233,Num
p,p_c064234,Num
p,p_c064235,Num
p,p_c064236,Num
p,p_c064242,Num
p,p_c064243,Num
p,p_c064246,Num
p,p_c064250,Num
p,p_c064251,Num
p,p_c064254,Num
p,p_c064255,Num
p,p_c064256,Num
p,p_c064257,Num
p,p_c064261,Num
p,p_c064262,Num
p,p_c064263,Num
p,p_c064264,Num
p,p_c064265,Num
p,p_c064266,Num
p,p_c064267,Num
p,p_c064273,Num
p,p_c064274,Num
p,p_c064275,Num
p,p_c064276,Num
p,p_c064277,Num
p,p_c064278,Num
p,p_c064280,Num
p,p_c064281,Num
p,p_c064284,Num
p,p_c064285,Num
p,p_c064286,Num
p,p_c064287,Num
p,p_c064291,Num
p,p_c064292,Num
p,p_c064293,Num
p,p_c064294,Num
p,p_c064296,Num
p,p_c064297,Num
p,p_c064303,Num
p,p_c064304,Num
p,p_c064305,Num
p,p_c064307,Num
p,p_c064308,Num
p,p_c064310,Num
p,p_c064311,Num
p,p_c064314,Num
p,p_c064315,Num
p,p_c064316,Num
p,p_c064317,Num
p,p_c064321,Num
p,p_c064322,Num
p,p_c064323,Num
p,p_c064324,Num
p,p_c064326,Num
p,p_c064327,Num
p,p_c064333,Num
p,p_c064334,Num
p,p_c064335,Num
p,p_c064338,Num
p,p_c064340,Num
p,p_c064341,Num
p,p_c064344,Num
p,p_c064345,Num
p,p_c064346,Num
p,p_c064347,Num
p,p_c064351,Num
p,p_c064352,Num
p,p_c064353,Num
p,p_c064354,Num
p,p_c064356,Num
p,p_c064357,Num
p,p_c064363,Num
p,p_c064364,Num
p,p_c064365,Num
p,p_c064368,Num
p,p_c064370,Num
p,p_c064371,Num
p,p_c064372,Num
p,p_c064373,Num
p,p_c064374,Num
p,p_c064375,Num
p,p_c064380,Num
p,p_c064382,Num
p,p_c064384,Num
p,p_c064410,Num
p,p_c064411,Num
p,p_c064418,Num
p,p_c064419,Num
p,p_c064420,Num
p,p_c064421,Num
p,p_c064424,Num
p,p_c064425,Num
p,p_c064430,Num
p,p_c064431,Num
p,p_c064432,Num
p,p_c064433,Num
p,p_c064434,Num
p,p_c064435,Num
p,p_c064436,Num
p,p_c064437,Num
p,p_c064438,Num
p,p_c064439,Num
p,p_c064450,Num
p,p_c064451,Num
p,p_c064452,Num
p,p_c064453,Num
p,p_c064454,Num
p,p_c064455,Num
p,p_c064456,Num
p,p_c064457,Num
p,p_c064458,Num
p,p_c064460,Num
p,p_c064461,Num
p,p_c064462,Num
p,p_c064463,Num
p,p_c064465,Num
p,p_c064468,Num
p,p_c064469,Num
p,p_c064470,Num
p,p_c064471,Num
p,p_c064472,Num
p,p_c064473,Num
p,p_c064475,Num
p,p_c064476,Num
p,p_c064478,Num
p,p_c064483,Num
p,p_c064485,Num
p,p_c064489,Num
p,p_c064490,Num
p,p_c064491,Num
p,p_c064493,Num
p,p_c064498,Num
p,p_c064503,Num
p,p_c064509,Num
p,p_c064510,Num
p,p_c064511,Num
p,p_c064513,Num
p,p_c064523,Num
p,p_c064529,Num
p,p_c064530,Num
p,p_c064540,Num
p,p_c064541,Num
p,p_c064542,Num
p,p_c064543,Num
p,p_c064544,Num
p,p_c064545,Num
p,p_c064546,Num
p,p_c064550,Num
p,p_c064551,Num
p,p_c064552,Num
p,p_c064553,Num
p,p_c064554,Num
p,p_c064555,Num
p,p_c064556,Num
p,p_c064558,Num
p,p_c064559,Num
p,p_c064560,Num
p,p_c064561,Num
p,p_c064562,Num
p,p_c064563,Num
p,p_c064564,Num
p,p_c064565,Num
p,p_c064568,Num
p,p_c064569,Num
p,p_c064570,Num
p,p_c064571,Num
p,p_c064573,Num
p,p_c064574,Num
p,p_c064575,Num
p,p_c064578,Num
p,p_c064580,Num
p,p_c064581,Num
p,p_c064583,Num
p,p_c064584,Num
p,p_c064588,Num
p,p_c064600,Num
p,p_c064601,Num
p,p_c064604,Num
p,p_c064605,Num
p,p_c064606,Num
p,p_c064607,Num
p,p_c064609,Num
p,p_c064610,Num
p,p_c064611,Num
p,p_c064612,Num
p,p_c064613,Num
p,p_c064614,Num
p,p_c064615,Num
p,p_c064616,Num
p,p_c064629,Num
p,p_c064630,Num
p,p_c064635,Num
p,p_c064639,Num
p,p_c064640,Num
p,p_c064641,Num
p,p_c064643,Num
p,p_c064644,Num
p,p_c064645,Num
p,p_c064646,Num
p,p_c064648,Num
p,p_c064649,Num
p,p_c064651,Num
p,p_c064652,Num
p,p_c064653,Num
p,p_c064670,Num
p,p_c064680,Num
p,p_c064681,Num
p,p_c064682,Num
p,p_c064683,Num
p,p_c064684,Num
p,p_c064685,Num
p,p_c064686,Num
p,p_c064687,Num
p,p_c064688,Num
p,p_c064689,Num
p,p_c064690,Num
p,p_c064691,Num
p,p_c064692,Num
p,p_c064698,Num
p,p_c064702,Num
p,p_c064710,Num
p,p_c064712,Num
p,p_c064724,Num
p,p_c064742,Num
p,p_c064762,Num
p,p_c064763,Num
p,p_c064780,Num
p,p_c064781,Num
p,p_c064782,Num
p,p_c064783,Num
p,p_c064784,Num
p,p_c064785,Num
p,p_c064800,Num
p,p_c064804,Num
p,p_c064805,Num
p,p_c064806,Num
p,p_c064808,Num
p,p_c064810,Num
p,p_c064811,Num
p,p_c064812,Num
p,p_c064813,Num
p,p_c064814,Num
p,p_c064816,Num
p,p_c064818,Num
p,p_c064819,Num
p,p_c064820,Num
p,p_c064821,Num
p,p_c064822,Num
p,p_c064823,Num
p,p_c064828,Num
p,p_c064829,Num
p,p_c064830,Num
p,p_c064831,Num
p,p_c064832,Num
p,p_c064833,Num
p,p_c064834,Num
p,p_c064835,Num
p,p_c064836,Num
p,p_c064846,Num
p,p_c064847,Num
p,p_c064848,Num
p,p_c064849,Num
p,p_c064850,Num
p,p_c064851,Num
p,p_c064852,Num
p,p_c064853,Num
p,p_c064854,Num
p,p_c064855,Num
p,p_c064856,Num
p,p_c064857,Num
p,p_c064858,Num
p,p_c064859,Num
p,p_c064860,Num
p,p_c064861,Num
p,p_c064862,Num
p,p_c064863,Num
p,p_c064864,Num
p,p_c064865,Num
p,p_c064866,Num
p,p_c064867,Num
p,p_c064868,Num
p,p_c064869,Num
p,p_c064870,Num
p,p_c064871,Num
p,p_c064900,Num
p,p_c065100,Num
p,p_c065102,Num
p,p_c065108,Num
p,p_c065113,Num
p,p_c065117,Num
p,p_c065127,Num
p,p_c065128,Num
p,p_c065130,Num
p,p_c065131,Num
p,p_c065134,Num
p,p_c065135,Num
p,p_c065136,Num
p,p_c065140,Num
p,p_c065144,Num
p,p_c065145,Num
p,p_c065146,Num
p,p_c065147,Num
p,p_c065162,Num
p,p_c065163,Num
p,p_c065164,Num
p,p_c065165,Num
p,p_c065166,Num
p,p_c065167,Num
p,p_c065199,Num
p,p_c065210,Num
p,p_c065232,Num
p,p_c065233,Num
p,p_c065234,Num
p,p_c065235,Num
p,p_c065250,Num
p,p_c065251,Num
p,p_c065255,Num
p,p_c065257,Num
p,p_c065261,Num
p,p_c065262,Num
p,p_c065263,Num
p,p_c065264,Num
p,p_c065266,Num
p,p_c065273,Num
p,p_c065280,Num
p,p_c065281,Num
p,p_c065285,Num
p,p_c065287,Num
p,p_c065292,Num
p,p_c065293,Num
p,p_c065294,Num
p,p_c065296,Num
p,p_c065303,Num
p,p_c065310,Num
p,p_c065311,Num
p,p_c065315,Num
p,p_c065317,Num
p,p_c065322,Num
p,p_c065323,Num
p,p_c065324,Num
p,p_c065326,Num
p,p_c065333,Num
p,p_c065340,Num
p,p_c065341,Num
p,p_c065345,Num
p,p_c065347,Num
p,p_c065352,Num
p,p_c065353,Num
p,p_c065354,Num
p,p_c065356,Num
p,p_c065363,Num
p,p_c065370,Num
p,p_c065372,Num
p,p_c065374,Num
p,p_c065410,Num
p,p_c065411,Num
p,p_c065419,Num
p,p_c065420,Num
p,p_c065421,Num
p,p_c065424,Num
p,p_c065425,Num
p,p_c065430,Num
p,p_c065431,Num
p,p_c065432,Num
p,p_c065433,Num
p,p_c065435,Num
p,p_c065436,Num
p,p_c065540,Num
p,p_c065541,Num
p,p_c065542,Num
p,p_c065543,Num
p,p_c065550,Num
p,p_c065600,Num
p,p_c065601,Num
p,p_c065605,Num
p,p_c065607,Num
p,p_c065609,Num
p,p_c065610,Num
p,p_c065611,Num
p,p_c065612,Num
p,p_c065613,Num
p,p_c065614,Num
p,p_c065616,Num
p,p_c065742,Num
p,p_c065780,Num
p,p_c065781,Num
p,p_c065804,Num
p,p_c065805,Num
p,p_c065806,Num
p,p_c065818,Num
p,p_c065819,Num
p,p_c065820,Num
p,p_c065821,Num
p,p_c065822,Num
p,p_c065823,Num
p,p_c065832,Num
p,p_c065833,Num
p,p_c065834,Num
p,p_c065835,Num
p,p_c065854,Num
p,p_c065855,Num
p,p_c065868,Num
p,p_c065869,Num
p,p_c065870,Num
p,p_c065871,Num
p,p_c066100,Num
p,p_c066102,Num
p,p_c066113,Num
p,p_c066117,Num
p,p_c066140,Num
p,p_c066162,Num
p,p_c066163,Num
p,p_c066164,Num
p,p_c066165,Num
p,p_c066199,Num
p,p_c066204,Num
p,p_c066210,Num
p,p_c066250,Num
p,p_c066251,Num
p,p_c066261,Num
p,p_c066262,Num
p,p_c066263,Num
p,p_c066264,Num
p,p_c066271,Num
p,p_c066273,Num
p,p_c066277,Num
p,p_c066280,Num
p,p_c066281,Num
p,p_c066291,Num
p,p_c066292,Num
p,p_c066293,Num
p,p_c066303,Num
p,p_c066307,Num
p,p_c066310,Num
p,p_c066311,Num
p,p_c066322,Num
p,p_c066323,Num
p,p_c066333,Num
p,p_c066337,Num
p,p_c066340,Num
p,p_c066341,Num
p,p_c066352,Num
p,p_c066353,Num
p,p_c066363,Num
p,p_c066410,Num
p,p_c066411,Num
p,p_c066540,Num
p,p_c066541,Num
p,p_c066542,Num
p,p_c066543,Num
p,p_c066546,Num
p,p_c066550,Num
p,p_c066553,Num
p,p_c066554,Num
p,p_c066556,Num
p,p_c066558,Num
p,p_c066559,Num
p,p_c066560,Num
p,p_c066563,Num
p,p_c066564,Num
p,p_c066566,Num
p,p_c066568,Num
p,p_c066569,Num
p,p_c066570,Num
p,p_c066578,Num
p,p_c066580,Num
p,p_c066588,Num
p,p_c066613,Num
p,p_c066614,Num
p,p_c066702,Num
p,p_c066780,Num
p,p_c066781,Num
p,p_c066783,Num
p,p_c066784,Num
p,p_c066785,Num
p,p_c066854,Num
p,p_c066855,Num
p,p_c066856,Num
p,p_c066857,Num
p,p_c066858,Num
p,p_c066859,Num
p,p_c066860,Num
p,p_c066861,Num
p,p_c066864,Num
p,p_c066867,Num
p,p_c066868,Num
p,p_c066869,Num
p,p_c067140,Num
p,p_c067196,Num
p,p_c067451,Num
p,p_c067452,Num
p,p_c067453,Num
p,p_c067454,Num
p,p_c067455,Num
p,p_c067456,Num
p,p_c067457,Num
p,p_c067458,Num
p,p_c067461,Num
p,p_c067471,Num
p,p_c067472,Num
p,p_c067473,Num
p,p_c067474,Num
p,p_c067475,Num
p,p_c067476,Num
p,p_c067477,Num
p,p_c067478,Num
p,p_c067481,Num
p,p_c067491,Num
p,p_c067492,Num
p,p_c067493,Num
p,p_c067494,Num
p,p_c067495,Num
p,p_c067496,Num
p,p_c067497,Num
p,p_c067498,Num
p,p_c067499,Num
p,p_c067501,Num
p,p_c067511,Num
p,p_c067512,Num
p,p_c067513,Num
p,p_c067514,Num
p,p_c067518,Num
p,p_c067519,Num
p,p_c067540,Num
p,p_c067547,Num
p,p_c067600,Num
p,p_c067601,Num
p,p_c067604,Num
p,p_c067711,Num
p,p_c067719,Num
p,p_c067720,Num
p,p_c067752,Num
p,p_c067800,Num
p,p_c067854,Num
p,p_c068100,Num
p,p_c068102,Num
p,p_c068103,Num
p,p_c068104,Num
p,p_c068106,Num
p,p_c068107,Num
p,p_c068114,Num
p,p_c068115,Num
p,p_c068116,Num
p,p_c068119,Num
p,p_c068140,Num
p,p_c068141,Num
p,p_c068210,Num
p,p_c068250,Num
p,p_c068251,Num
p,p_c068262,Num
p,p_c068263,Num
p,p_c068264,Num
p,p_c068273,Num
p,p_c068280,Num
p,p_c068281,Num
p,p_c068292,Num
p,p_c068293,Num
p,p_c068303,Num
p,p_c068310,Num
p,p_c068311,Num
p,p_c068322,Num
p,p_c068323,Num
p,p_c068333,Num
p,p_c068340,Num
p,p_c068341,Num
p,p_c068352,Num
p,p_c068353,Num
p,p_c068363,Num
p,p_c068540,Num
p,p_c068542,Num
p,p_c068800,Num
p,p_c068801,Num
p,p_c068854,Num
p,p_c068855,Num
p,p_c068868,Num
p,p_c068869,Num
p,p_c069100,Num
p,p_c069102,Num
p,p_c069104,Num
p,p_c069106,Num
p,p_c069148,Num
p,p_c069149,Num
p,p_c069168,Num
p,p_c069169,Num
p,p_c069170,Num
p,p_c069171,Num
p,p_c069173,Num
p,p_c069177,Num
p,p_c069181,Num
p,p_c069182,Num
p,p_c069184,Num
p,p_c069185,Num
p,p_c069191,Num
p,p_c069192,Num
p,p_c069193,Num
p,p_c069210,Num
p,p_c069250,Num
p,p_c069251,Num
p,p_c069263,Num
p,p_c069457,Num
p,p_c069462,Num
p,p_c069463,Num
p,p_c069464,Num
p,p_c069465,Num
p,p_c069466,Num
p,p_c069467,Num
p,p_c069469,Num
p,p_c069494,Num
p,p_c069495,Num
p,p_c069654,Num
p,p_c069661,Num
p,p_c069662,Num
p,p_c069665,Num
p,p_c069666,Num
p,p_c069667,Num
p,p_c069670,Num
p,p_c069671,Num
p,p_c069680,Num
p,p_c069681,Num
p,p_c069682,Num
p,p_c069762,Num
p,p_c069763,Num
p,p_c069765,Num
p,p_c069768,Num
p,p_c069769,Num
p,p_c069771,Num
p,p_c069777,Num
p,p_c069950,Num
p,p_c095881,Num
p,p_c095882,Num
p,p_c095887,Num
p,p_c164100,Num
p,p_c164101,Num
p,p_c164102,Num
p,p_c164103,Num
p,p_c164104,Num
p,p_c164105,Num
p,p_c164106,Num
p,p_c164107,Num
p,p_c164110,Num
p,p_c164111,Num
p,p_c164112,Num
p,p_c164114,Num
p,p_c164115,Num
p,p_c164116,Num
p,p_c164117,Num
p,p_c164120,Num
p,p_c164121,Num
p,p_c164122,Num
p,p_c164124,Num
p,p_c164125,Num
p,p_c164126,Num
p,p_c164127,Num
p,p_c164130,Num
p,p_c164131,Num
p,p_c164132,Num
p,p_c164134,Num
p,p_c164135,Num
p,p_c164136,Num
p,p_c164137,Num
p,p_c164140,Num
p,p_c164141,Num
p,p_c164142,Num
p,p_c164144,Num
p,p_c164145,Num
p,p_c164146,Num
p,p_c164147,Num
p,p_c164150,Num
p,p_c164151,Num
p,p_c164152,Num
p,p_c164154,Num
p,p_c164155,Num
p,p_c164156,Num
p,p_c164157,Num
p,p_c164160,Num
p,p_c164161,Num
p,p_c164162,Num
p,p_c164164,Num
p,p_c164165,Num
p,p_c164166,Num
p,p_c164170,Num
p,p_c164171,Num
p,p_c164172,Num
p,p_c164174,Num
p,p_c164175,Num
p,p_c164176,Num
p,p_c164180,Num
p,p_c164181,Num
p,p_c164182,Num
p,p_c164184,Num
p,p_c164185,Num
p,p_c164186,Num
p,p_c164190,Num
p,p_c164191,Num
p,p_c164192,Num
p,p_c164195,Num
p,p_c164196,Num
p,p_c164200,Num
p,p_c164201,Num
p,p_c164202,Num
p,p_c164203,Num
p,p_c164204,Num
p,p_c164205,Num
p,p_c164209,Num
p,p_c164210,Num
p,p_c164211,Num
p,p_c164214,Num
p,p_c164216,Num
p,p_c164217,Num
p,p_c164218,Num
p,p_c164250,Num
p,p_c164251,Num
p,p_c164255,Num
p,p_c164262,Num
p,p_c164263,Num
p,p_c164264,Num
p,p_c164266,Num
p,p_c164273,Num
p,p_c164280,Num
p,p_c164281,Num
p,p_c164285,Num
p,p_c164292,Num
p,p_c164293,Num
p,p_c164294,Num
p,p_c164296,Num
p,p_c164303,Num
p,p_c164310,Num
p,p_c164311,Num
p,p_c164315,Num
p,p_c164322,Num
p,p_c164323,Num
p,p_c164324,Num
p,p_c164326,Num
p,p_c164333,Num
p,p_c164340,Num
p,p_c164341,Num
p,p_c164345,Num
p,p_c164352,Num
p,p_c164353,Num
p,p_c164354,Num
p,p_c164356,Num
p,p_c164363,Num
p,p_c164370,Num
p,p_c164371,Num
p,p_c164375,Num
p,p_c164382,Num
p,p_c164383,Num
p,p_c164384,Num
p,p_c164386,Num
p,p_c164393,Num
p,p_c164400,Num
p,p_c164401,Num
p,p_c164405,Num
p,p_c164412,Num
p,p_c164413,Num
p,p_c164414,Num
p,p_c164416,Num
p,p_c164423,Num
p,p_c164430,Num
p,p_c164431,Num
p,p_c164435,Num
p,p_c164442,Num
p,p_c164443,Num
p,p_c164444,Num
p,p_c164446,Num
p,p_c164453,Num
p,p_c164460,Num
p,p_c164461,Num
p,p_c164465,Num
p,p_c164472,Num
p,p_c164473,Num
p,p_c164474,Num
p,p_c164483,Num
p,p_c164490,Num
p,p_c164491,Num
p,p_c164495,Num
p,p_c164502,Num
p,p_c164503,Num
p,p_c164504,Num
p,p_c164513,Num
p,p_c164520,Num
p,p_c164521,Num
p,p_c164525,Num
p,p_c164532,Num
p,p_c164533,Num
p,p_c164534,Num
p,p_c164543,Num
p,p_c164550,Num
p,p_c164551,Num
p,p_c164555,Num
p,p_c164562,Num
p,p_c164563,Num
p,p_c164564,Num
p,p_c164573,Num
p,p_c164580,Num
p,p_c164581,Num
p,p_c164585,Num
p,p_c164592,Num
p,p_c164593,Num
p,p_c164594,Num
p,p_c164603,Num
p,p_c164610,Num
p,p_c164611,Num
p,p_c164615,Num
p,p_c164622,Num
p,p_c164623,Num
p,p_c164624,Num
p,p_c164633,Num
p,p_c164640,Num
p,p_c164641,Num
p,p_c164645,Num
p,p_c164652,Num
p,p_c164653,Num
p,p_c164654,Num
p,p_c164663,Num
p,p_c164671,Num
p,p_c164675,Num
p,p_c164682,Num
p,p_c164683,Num
p,p_c164684,Num
p,p_c164693,Num
p,p_c164701,Num
p,p_c164705,Num
p,p_c164712,Num
p,p_c164713,Num
p,p_c164723,Num
p,p_c164730,Num
p,p_c164731,Num
p,p_c164732,Num
p,p_c164733,Num
p,p_c164736,Num
p,p_c164737,Num
p,p_c164738,Num
p,p_c164740,Num
p,p_c164741,Num
p,p_c164742,Num
p,p_c164744,Num
p,p_c164745,Num
p,p_c164746,Num
p,p_c164748,Num
p,p_c164750,Num
p,p_c164753,Num
p,p_c164781,Num
p,p_c164782,Num
p,p_c164832,Num
p,p_c164833,Num
p,p_c164834,Num
p,p_c164835,Num
p,p_c164860,Num
p,p_c164861,Num
p,p_c164862,Num
p,p_c164863,Num
p,p_c164870,Num
p,p_c164880,Num
p,p_c164881,Num
p,p_c164882,Num
p,p_c164886,Num
p,p_c164887,Num
p,p_c164907,Num
p,p_c164910,Num
p,p_c164911,Num
p,p_c164912,Num
p,p_c165881,Num
p,p_c165882,Num
p,p_c165887,Num
v,v_ef3,Char
v,v_ef4,Char
v,v_ef5,Char
v,v_ef6,Char
v,v_ef7,Char
v,v_ef8,Char
v,v_ef9,Char
v,v_ef10,Char
v,v_ef11,Char
v,v_ef12,Char
v,v_ef13,Char
v,v_ef14,Char
v,v_ef15,Char
v,v_ef16,Char
v,v_ef17,Char
v,v_ef18,Char
v,v_ef20,Char
v,v_ef21,Char
v,v_ef22,Char
v,v_ef25,Char
v,v_ef26,Char
v,v_ef31,Char
v,v_ef32,Char
v,v_ef33,Char
v,v_ef34,Char
v,v_ef35,Char
v,v_ef38,Num
v,v_ef39,Num
v,v_ef41,Num
v,v_ef43,Num
v,v_ef45,Num
v,v_ef46,Num
v,v_ef47,Num
v,v_ef48,Num
v,v_ef49,Num
v,v_ef50,Num
v,v_ef51,Num
v,v_ef52,Num
v,v_ef53,Num
v,v_ef55,Num
v,v_ef56,Num
v,v_ef57,Num
v,v_ef58,Num
v,v_ef59,Num
v,v_ef60,Num
v,v_ef61,Num
v,v_ef62,Num
v,v_ef63,Num
v,v_ef64,Num
v,v_ef65,Num
v,v_ef66,Num
v,v_ef67,Num
v,v_ef68,Num
v,v_ef69,Num
v,v_ef70,Num
v,v_ef71,Num
v,v_ef72,Num
v,v_ef73,Num
v,v_ef74,Num
v,v_ef75,Num
v,v_ef76,Num
v,v_ef77,Num
v,v_ef85,Num
v,v_ef87,Num
v,v_ef88,Num
v,v_ef89,Num
v,v_ef90,Num
v,v_ef91,Num
v,v_ef92,Num
v,v_ef93,Num
v,v_ef95,Num
v,v_ef96,Num
v,v_ef97,Num
v,v_ef98,Num
v,v_ef99,Num
v,v_ef100,Num
v,v_ef101,Num
v,v_ef102,Num
v,v_ef103,Num
v,v_ef104,Num
v,v_ef105,Num
v,v_ef106,Num
v,v_ef107,Num
v,v_ef108,Num
v,v_ef109,Num
v,v_ef110,Num
v,v_ef111,Num
v,v_ef112,Num
v,v_ef113,Num
v,v_ef114,Num
v,v_ef115,Num
v,v_ef116,Num
v,v_ef117,Num
v,v_ef118,Num
v,v_ef119,Num
v,v_ef120,Num
v,v_ef121,Num
v,v_ef122,Num
v,v_ef123,Num
v,v_ef124,Num
v,v_ef129,Char
v,v_ef130,Num
v,v_ef131,Num
v,v_ef132,Num
v,v_ef133,Num
v,v_ef134,Num
v,v_ef135,Num
v,v_ef138,Char
v,v_ef139,Char
v,v_ef143,Num
v,v_ef144,Num
v,v_ef145,Num
v,v_ef146,Num
v,v_ef147,Num
v,v_ef153,Num
v,v_ef154,Num
v,v_ef155,Num
v,v_ef168,Num
v,v_ef19a,Char
v,v_ef19b,Char
u,u_ef2,Char
u,u_ef3,Char
u,u_ef4,Char
u,u_ef5,Char
u,u_ef6,Char
u,u_ef7,Char
u,u_ef8,Char
u,u_ef9,Char
u,u_ef10,Char
u,u_ef11,Char
u,u_ef12,Char
u,u_ef14,Char
u,u_ef15,Char
u,u_ef16,Char
u,u_ef17,Char
u,u_ef19,Char
u,u_ef18u1,Char
u,u_ef20,Char
u,u_ef21,Char
u,u_ef22,Char
u,u_ef24,Num
u,u_ef25,Num
u,u_ef26,Num
u,u_ef27,Num
u,u_ef28,Num
u,u_ef29,Num
u,u_ef30,Num
u,u_ef31,Num
u,u_ef32,Num
u,u_ef33,Num
u,u_ef34,Num
u,u_ef35,Num
u,u_ef36,Num
u,u_ef37,Num
u,u_ef38,Num
u,u_ef39,Num
u,u_ef40,Num
u,u_ef41,Num
u,u_ef42,Num
u,u_ef43,Num
u,u_ef44,Num
u,u_ef45,Num
u,u_ef46,Num
u,u_ef47,Num
u,u_ef48,Num
u,u_ef49,Num
u,u_ef50,Num
u,u_ef51,Num
u,u_ef52,Num
u,u_ef53,Num
u,u_ef54,Num
u,u_ef55,Num
u,u_ef56,Num
u,u_ef57,Num
u,u_ef58,Num
u,u_ef60,Num
u,u_ef61,Num
u,u_ef62,Num
u,u_ef63,Num
u,u_ef64,Num
u,u_ef65,Num
u,u_ef71,Num
u,u_ef72,Num
u,u_ef73,Num
u,u_ef74,Num
u,u_ef75,Num
u,u_ef76,Num
u,u_ef77,Num
u,u_ef78,Num
u,u_ef79,Num
u,u_ef80,Num
u,u_ef81,Num
u,u_ef82,Num
u,u_ef89,Char
u,u_ef90,Char
