"id","jahr","ags","verk","urs_we_umsatz","urs_we_tp_stichtag","g_k2110","k_c13110","v_ef48","e_c25100"
1,2013,"11331476","g___vre",720.101149830438,19,73183.3440451962,NA,954872.2346332,25412.4900372339
1,2014,"02987213","____vr_",464.746181195262,15,NA,NA,283973.360633511,NA
1,2015,"04919330","__upvre",58.1598892090242,10,NA,NA,33473.8225598887,647005.119563022
1,2016,"10161673","g____re",365.201588259487,19,130920.599473218,NA,NA,27322.9231295409
1,2017,"09214523","_____r_",1833.36393133268,10,NA,NA,NA,NA
1,2018,"07271013","g_u_vre",238.610259083964,17,95752.5868505206,NA,139454.334948013,159445.508006584
1,2019,"14068942","gku_vre",194.066952100351,17,78654.6720249572,14654.5027425232,321265.423938082,18879.3329913833
2,2013,"05828621","_____re",764.827811215118,15,NA,NA,NA,1014.20862091688
2,2014,"09615455","g___vr_",1770.86389925248,10,19884.5721992303,NA,199816.179940205,NA
2,2015,"14491744","__u_vr_",57.908268512603,11,NA,NA,105834.479058539,NA
2,2016,"07138036","____vre",1710.33765337266,12,NA,NA,12321.8482146126,48170.7572796812
2,2017,"14712526","__u_vr_",730.516837262802,9,NA,NA,50773.4666191493,NA
2,2018,"02223581","g___vr_",556.012603318351,12,-1279.83157815764,NA,44318.7579657974,NA
2,2019,"04988697","g___vr_",1858.22859822922,14,-6343.21527083135,NA,1031932.36743537,NA
3,2013,"07355596","g_u_vr_",146.699663285439,12,-51599.4585785687,NA,742930.494032506,NA
3,2014,"02685243","_k__vre",45.7423042526548,18,NA,98657.1303983541,274262.933359035,30038.4480610219
3,2015,"13084215","_____re",262.467260549043,17,NA,NA,NA,9401.96249795532
3,2016,"05695302","g_u_vre",123.378512270563,15,89900.6348856589,NA,123857.457057233,70724.6823161625
3,2017,"07120787","g___vre",476.749574317298,24,207829.542321995,NA,872856.158377044,485740.037140363
3,2018,"08688687","____vre",467.619152690644,22,NA,NA,36363.8488407511,14770.2033159098
3,2019,"11008249","____vr_",1.94539616567014,17,NA,NA,425121.45817596,NA
4,2013,"05864496","__u__re",16.6290019803092,16,NA,NA,NA,168917.75549046
4,2014,"03899451","g_u_vr_",171.818597023471,15,21005.7239889577,NA,286491.344218458,NA
4,2015,"02105962","___p_r_",0.805824313426713,15,NA,NA,NA,NA
4,2016,"05176102","_____re",90.9101463453111,7,NA,NA,NA,33650.7796450285
4,2017,"07587958","_k__vre",6.74629678084235,12,NA,67418.7547490518,151408.940179793,36346.1073065215
4,2018,"07141615","__u_vre",467.965048351598,16,NA,NA,100377.545068255,43621.6075027618
4,2019,"11103394","____vr_",436.216088626062,20,NA,NA,237430.93983676,NA
5,2013,"07530365","_____r_",3.46165249235318,14,NA,NA,NA,NA
5,2014,"10871426","__upvre",279.929499768662,17,NA,NA,55230.0324076831,103851.359794379
5,2015,"14341042","_____r_",44.3496218606607,12,NA,NA,NA,NA
5,2016,"12133412","_____re",66041.7473477427,21,NA,NA,NA,75984.3177005873
5,2017,"04543803","gk__vre",18.5859622569254,14,70932.2838015121,-132728.03158814,412027.574216662,167195.746817785
5,2018,"09312088","g____re",155.901903297608,12,133965.413170382,NA,NA,531041.517768169
5,2019,"05532057","g____r_",274.25021269188,16,-56955.1945710997,NA,NA,NA
6,2013,"10722500","g___vr_",11.3337085507471,16,63747.2398581859,NA,1824438.48042422,NA
6,2014,"05103561","_k__vr_",261.539083808744,16,NA,172302.877715755,199427.171199158,NA
6,2015,"04753434","_ku_vre",2.94676949076883,14,NA,-25924.3334831957,20259.002544414,3769.78302887581
6,2016,"11707593","g__pvre",309.548780696123,12,31335.7934673985,NA,102342.007126363,41348.0813973295
6,2017,"08752138","__u_vre",4238.48398992995,15,NA,NA,31722.681587447,106199.782935544
6,2018,"04264618","g____r_",884.503942114439,17,16207.165196889,NA,NA,NA
6,2019,"07275424","_____r_",803.518857237709,17,NA,NA,NA,NA
7,2013,"05114921","g__pvr_",14.8082688820626,16,105655.065440892,NA,449913.280132665,NA
7,2014,"13266407","____vr_",259.707856322104,16,NA,NA,47755.09521204,NA
7,2015,"07207192","____vr_",0.729923560550622,11,NA,NA,38608.9860615104,NA
7,2016,"06829141","___pvr_",147.688035363761,14,NA,NA,148569.691527765,NA
7,2017,"15268360","____vre",65.0385096598226,16,NA,NA,18526.0658425532,940055.707375165
7,2018,"09163091","____vr_",146.454002094465,21,NA,NA,778359.291584717,NA
7,2019,"13692628","__u__r_",55.8432924195302,19,NA,NA,NA,NA
8,2013,"08624677","_ku__r_",7.71918036906773,12,NA,262576.791303109,NA,NA
8,2014,"04032337","____vre",186.510505870073,14,NA,NA,1730847.52351713,30277.4546723217
8,2015,"04701633","g__pvre",156.12326783283,12,149960.3107827,NA,22203.0960787433,241554.920343654
8,2016,"07566473","____vr_",144.125671119778,16,NA,NA,11754.9054474708,NA
8,2017,"01490649","___pvre",121.676511845001,13,NA,NA,34302.0832405699,147616.363908811
8,2018,"05418424","____vre",210.969598308074,17,NA,NA,43382.4284838101,73094.5561466559
8,2019,"14488476","_____re",16.8227673828848,17,NA,NA,NA,138075.832343777
9,2013,"09641403","g_u__r_",7.6899227868272,14,93755.5701588295,NA,NA,NA
9,2014,"05461141","_ku_vre",50.0339017071481,16,NA,76267.457725484,29595.6293176936,255495.948944793
9,2015,"04519353","__u_vr_",112.255951529955,11,NA,NA,101114.074634043,NA
9,2016,"07203396","__u_vr_",911.436722415994,16,NA,NA,194680.106393726,NA
9,2017,"09011513","_k__vr_",236.892060062415,11,NA,143500.639015998,36416.9820613832,NA
9,2018,"13589550","___p_r_",4.62164650843181,13,NA,NA,NA,NA
9,2019,"01959211","___pvre",67.7701547072114,16,NA,NA,192375.086671168,91789.5382118485
10,2013,"08613109","__u_vre",47.9367100606297,17,NA,NA,440658.910482949,203104.011386369
10,2014,"16738787","g___vre",908.571983760122,10,36546.875648804,NA,1207902.7958936,23811.5396221677
10,2015,"05143037","_ku_vre",121.86003941541,13,NA,45412.5555881483,31277.9353413918,26176.2636424267
10,2016,"04037407","____vr_",980.97500659103,20,NA,NA,79724.2145924429,NA
10,2017,"10398063","g___vre",520.897626430089,21,25677.031519778,NA,79318.6706762983,36200.8365463081
10,2018,"09485795","_k__vr_",7.38636998712222,10,NA,-76187.5935054205,110552.200914084,NA
10,2019,"04256927","g___vr_",2646.57797669226,11,135321.866785313,NA,172966.815206744,NA
11,2013,"05346534","__u_vr_",67.0582139995725,13,NA,NA,157382.382990798,NA
11,2014,"05689077","____vre",1734.59127825288,16,NA,NA,102906.949063909,18949.974166571
11,2015,"04412014","g__pvr_",355.463487757591,18,8310.133052713,NA,28365.0040424636,NA
11,2016,"07722622","g_u__re",497.795431317312,15,67477.6082113586,NA,NA,99615.1998311528
11,2017,"05827054","_____re",340.169475206023,15,NA,NA,NA,52767.6199142931
11,2018,"14630052","____vr_",14.9497118839865,12,NA,NA,441660.32810627,NA
11,2019,"05273300","g_u__re",599.722857130691,13,-50228.6945179647,NA,NA,4737.76979276156
12,2013,"04946660","g_u_vr_",700.291196001521,10,-20799.4945993846,NA,1146649.46924367,NA
12,2014,"07039520","g___vr_",19.192259004859,7,-96006.2893347026,NA,492183.007651357,NA
12,2015,"05418235","____vre",18.6285516525102,14,NA,NA,1768995.47561823,340294.23386056
12,2016,"08204462","g___vr_",1520.28831716609,18,-3304.03198528303,NA,2864437.41107106,NA
12,2017,"05222130","gk__vre",749.565566232454,12,-16199.4016991485,5221.09534896565,93793.4836977736,2785.76453912166
12,2018,"04163654","gk___r_",4571.79131813303,16,19135.3961887539,-64887.4894137308,NA,NA
12,2019,"09660952","____vr_",236.649854272237,13,NA,NA,113350.063098535,NA
13,2013,"01474478","_ku__re",7677.57280942171,16,NA,21383.4348538033,NA,8156.91676046289
13,2014,"08985714","g_u__r_",28.7872601847789,8,231870.077744485,NA,NA,NA
13,2015,"04520450","_k___r_",3441.59544593437,20,NA,76145.5212273345,NA,NA
13,2016,"05276181","gk_pvr_",85.8175782928552,19,145213.386588988,127280.094300559,957205.954950862,NA
13,2017,"05668746","g___vre",62.0918415213035,20,127173.772343314,NA,34360.6325355506,365429.576948957
13,2018,"04951992","g___vre",62.1333473336269,20,-3691.51456402911,NA,327120.380525345,42236.3698320215
13,2019,"09366323","____vre",18.5114993254524,10,NA,NA,137658.498281313,191931.08473767
14,2013,"05097312","__u__re",62.2701908074525,14,NA,NA,NA,12881.5221774567
14,2014,"04696482","gk__vr_",68.7780734454168,16,7829.7680049003,-37351.5250333032,2964.09682652331,NA
14,2015,"02558412","g___vre",90.1154146384553,22,33176.7873084329,NA,11222.653771659,115513.552841985
14,2016,"02341765","g___vr_",50.5420604521922,15,134865.778753668,NA,300298.623927589,NA
14,2017,"14760476","____vre",341.68844905826,16,NA,NA,145372.480943405,163660.348502079
14,2018,"04184192","____vre",3004.4849936877,17,NA,NA,267836.796350275,330850.960208639
14,2019,"07610094","g___vre",13.1358013763694,16,-7074.19683536215,NA,191647.319532539,44594.164548214
15,2013,"14318202","_____re",363.837412543168,17,NA,NA,NA,200092.311355705
15,2014,"08069985","____vre",109.891238540782,14,NA,NA,126327.602888106,23677.3034061987
15,2015,"09426559","g_u_vre",314.857085759266,13,119286.01672794,NA,26718.3702008251,78089.0229773781
15,2016,"04268915","__u__re",19.323262743779,10,NA,NA,NA,65258.4752998514
15,2017,"04259524","g___vr_",4.56471055994417,17,-44063.0209339408,NA,319281.588773573,NA
15,2018,"04378018","g_u_vre",358.993506146419,14,-86390.9772301826,NA,207000.958026379,39800.5836940567
15,2019,"02018991","g_u__r_",35.7691994175858,16,79820.6762300764,NA,NA,NA
16,2013,"06242950","____vre",557.58001832091,12,NA,NA,211253.823626836,2802.37878916418
16,2014,"14178978","_k_pvr_",3.61587523967551,10,NA,42767.4721525829,319816.632009229,NA
16,2015,"14943043","__u__re",547.723221097492,14,NA,NA,NA,50457.0955215716
16,2016,"08961393","g_u_vre",82.3082291916237,14,260295.891482735,NA,830533.237484099,788893.218799141
16,2017,"05392125","__u_vre",17898.3183218174,19,NA,NA,206507.382096709,10624.6997172046
16,2018,"08627328","g__p_re",26.5991695568288,11,-24552.321611368,NA,NA,279125.554477835
16,2019,"10488041","g_u_vr_",2968.68363381397,21,97891.8941335004,NA,17267.5866587528,NA
17,2013,"01542776","_k__vr_",1207.39681044689,16,NA,71441.846657967,343436.571144985,NA
17,2014,"07148739","_k__vre",44.3879891621514,12,NA,67788.0051126594,847433.84031392,379854.873958771
17,2015,"08819392","____vre",105.85892572303,12,NA,NA,27029.4163957906,926268.464668416
17,2016,"08674522","g___vr_",46.1047501333704,21,-101569.818723853,NA,24670.9959542992,NA
17,2017,"05448842","____vr_",185.940452935148,15,NA,NA,504207.876213925,NA
17,2018,"04277930","g____re",203.762541165253,10,25343.039599899,NA,NA,79922.8790373728
17,2019,"08180203","g___vre",20.5453879288697,6,-86718.9662970464,NA,64662.473215887,203739.046997945
18,2013,"10083106","__u__re",422.843670649697,11,NA,NA,NA,104358.433241067
18,2014,"04637176","_k___r_",1759.28131845254,11,NA,-164651.111796805,NA,NA
18,2015,"07506660","_____r_",2506.39602209761,7,NA,NA,NA,NA
18,2016,"08747962","____vr_",16.4017171260505,20,NA,NA,52409.1204247572,NA
18,2017,"08594223","_ku_vr_",129.695907228182,16,NA,193457.079158663,115103.183670998,NA
18,2018,"14040601","g_u_vr_",47.6929760593041,18,-82490.2612544238,NA,3758.9205879752,NA
18,2019,"07792714","gku_vr_",170.138695844845,13,146725.555744375,-159930.154941833,26090.3298872824,NA
19,2013,"11938630","_____r_",189.509233648611,17,NA,NA,NA,NA
19,2014,"06157366","g____re",28.0358266630643,15,135183.83170316,NA,NA,28791.9533512579
19,2015,"04418115","g____re",132.35262069286,19,-175620.84572957,NA,NA,67836.91327091
19,2016,"14790032","_____r_",1208.10572052642,18,NA,NA,NA,NA
19,2017,"11900612","gk__vr_",106.969782781991,10,206017.184619298,103983.858213287,420694.732479923,NA
19,2018,"08215560","gk__vre",67.9724525819249,20,20247.0047853992,109526.950112412,155059.367551152,4375.66066797001
19,2019,"09913079","____vre",470.794583093238,6,NA,NA,2584980.41334342,13857.1997119952
20,2013,"02236727","g___vre",219.192933097995,15,51465.3851244671,NA,111064.121020952,29351.2773390064
20,2014,"16375408","g___vr_",359.141088713648,12,120614.622223521,NA,214210.297413771,NA
20,2015,"08660345","g___vre",607.494466889248,10,-135441.047263349,NA,170065.362073785,90757.0421481793
20,2016,"10691011","____vr_",79.7960160009579,17,NA,NA,146139.853908237,NA
20,2017,"05295339","_ku_vre",73.8388993320452,10,NA,104338.352716845,531951.516347348,51161.9852742423
20,2018,"01521746","g____re",17.0467665932611,12,103908.817404917,NA,NA,230143.053820999
20,2019,"09831226","_ku__re",20.0327565139951,17,NA,36893.1674872971,NA,222637.280380205
21,2013,"05702901","_____r_",789.241799950627,12,NA,NA,NA,NA
21,2014,"05531019","_____r_",87.2629427684693,20,NA,NA,NA,NA
21,2015,"07021063","g____re",138.412675158483,17,143058.635126766,NA,NA,41958.5109074405
21,2016,"01363983","_k___re",62.2547278876916,10,NA,-109856.060451331,NA,37583.061244668
21,2017,"14959619","_____re",51.8268633553617,19,NA,NA,NA,67093.0146233065
21,2018,"12492374","g____re",602.444934265903,15,70995.3328673533,NA,NA,13432.3515414484
21,2019,"05977882","g_upvr_",80.2398601484424,24,-9304.29773420838,NA,253780.768731343,NA
22,2013,"02866820","__u_vr_",24.9078541884617,20,NA,NA,28513.2359422885,NA
22,2014,"04372127","__u_vr_",26.7025929397567,13,NA,NA,98165.9415314969,NA
22,2015,"05903827","_k__vre",309.575492340518,16,NA,-26064.8430636185,151894.926782224,220521.894512013
22,2016,"14689235","g___vr_",5.02126743228914,22,220939.819617612,NA,163254.89872476,NA
22,2017,"04836298","____vre",266.865931970481,14,NA,NA,114017.740247618,126002.819903268
22,2018,"01941704","__u_vre",8.59588007838318,13,NA,NA,767566.423101367,28783.7057023803
22,2019,"07627901","__u__re",57.7275041029426,12,NA,NA,NA,210557.313708067
23,2013,"09321109","g_u_vr_",11.1422417462353,13,63017.0531637612,NA,37821.763960507,NA
23,2014,"01092981","g___vr_",5622.03399095753,18,-72545.3068147023,NA,499326.344850422,NA
23,2015,"05337426","__u_vre",553.49806988625,9,NA,NA,27208.3403532277,533.673458998222
23,2016,"05420017","___pvre",257.426018175401,9,NA,NA,30000.342760657,24809.9216492243
23,2017,"05697442","g____re",885.809506600971,14,100811.131112633,NA,NA,545841.457381475
23,2018,"09930567","____vre",2015.91172789249,15,NA,NA,21571.3344175564,10943.3454133552
23,2019,"02667483","__u_vre",6.34280082503593,18,NA,NA,336351.136377929,59371.6016441882
24,2013,"08989110","___pvre",29.1451355231035,17,NA,NA,49453.9687181077,178224.231927989
24,2014,"08666458","g____re",684.103826443551,19,50683.8998078713,NA,NA,10404.4068339973
24,2015,"05057760","__u_vre",56.7349162181105,17,NA,NA,661487.747881976,10452.4070006012
24,2016,"08725092","__u_vr_",342.611591855232,13,NA,NA,224320.169001605,NA
24,2017,"05232482","____vr_",351.430712255285,14,NA,NA,75918.2986769993,NA
24,2018,"07803150","g___vre",165.585612865589,14,47910.9517639116,NA,2561454.08584065,18213.2694537261
24,2019,"04698250","__u__r_",5792.23043820444,16,NA,NA,NA,NA
25,2013,"05013703","____vre",150.635858657833,13,NA,NA,293951.481067837,1312.68197720472
25,2014,"05610069","g___vr_",115.505523953523,13,-34287.0945259138,NA,117171.708263724,NA
25,2015,"14503216","g__pvr_",505.165614240068,11,57986.3137650714,NA,144932.440066725,NA
25,2016,"07228716","__u_vre",187.587524044573,13,NA,NA,131393.145322721,17551.0202654475
25,2017,"07809399","g___vr_",5.65755964758836,17,16910.4065495173,NA,1491854.4327146,NA
25,2018,"07427282","g_u__r_",145.59250161925,16,124258.152801284,NA,NA,NA
25,2019,"07348358","____vr_",13.2045870056587,22,NA,NA,27008.8673777228,NA
26,2013,"05394929","g_u_vre",221.110382665714,18,87416.073497984,NA,16461.8074611441,48244.9355482377
26,2014,"10864348","g_up_r_",47.7581363444276,10,144685.173429186,NA,NA,NA
26,2015,"08110663","g_u_vre",2.37421269298254,14,88767.6112203415,NA,1692002.04200068,38076.3484870657
26,2016,"12539621","g___vr_",54.1520544167752,20,301332.871012215,NA,565744.292395672,NA
26,2017,"01353297","_____r_",112.163050821799,22,NA,NA,NA,NA
26,2018,"11256334","__u__r_",1937.57298008297,21,NA,NA,NA,NA
26,2019,"16065012","g_u__re",462.650626794436,16,164906.136262987,NA,NA,199538.289305896
27,2013,"04590146","__upvre",573.068192360006,13,NA,NA,101329.003861244,97563.3979564015
27,2014,"04895519","g____re",350.993056375311,14,233417.909620498,NA,NA,33317.915708612
27,2015,"14756272","gk__vr_",0.95623067674921,18,104033.413013738,-70459.1776097403,204782.806960639,NA
27,2016,"14058908","_____r_",253.613187439468,16,NA,NA,NA,NA
27,2017,"11757428","__u_vre",715.974209235174,22,NA,NA,245299.588023962,36640.7385550202
27,2018,"12480518","_____r_",8.61242324685757,20,NA,NA,NA,NA
27,2019,"05540147","g____re",36.239612715774,12,-50800.5573325224,NA,NA,103038.423592015
28,2013,"04511242","____vr_",10.4920507168974,18,NA,NA,449194.990335406,NA
28,2014,"05288834","____vre",301.514673162354,19,NA,NA,4334.88523016638,44574.9541493099
28,2015,"01361840","____vr_",135.501061578061,18,NA,NA,47885.1488398986,NA
28,2016,"05158792","g_u__re",1184.58906115368,18,40474.3996829394,NA,NA,37392.7489622085
28,2017,"05371789","g___vre",104.141646571258,11,142880.972304815,NA,451875.690444567,70116.8817142409
28,2018,"05677929","__u_vr_",546.265961814614,10,NA,NA,1124537.26259131,NA
28,2019,"05757921","g___vr_",55.4012412770655,12,59889.5730541462,NA,28200.5938016875,NA
29,2013,"07354687","_____r_",256.828661871479,8,NA,NA,NA,NA
29,2014,"05489284","_____r_",10.9317501388393,14,NA,NA,NA,NA
29,2015,"14995562","_____r_",10.7354836087837,14,NA,NA,NA,NA
29,2016,"14664302","g__pvre",54.3270637321201,15,97322.5073897284,NA,611594.155583381,79372.9921461493
29,2017,"15684857","___p_re",303.641831783811,11,NA,NA,NA,47293.3264151088
29,2018,"07546993","_____re",1338.8466070413,18,NA,NA,NA,73972.9215105584
29,2019,"16984638","g___vre",29.9653017925295,9,1413.34026198235,NA,359506.99748686,13548.6195530361
30,2013,"07637006","g___vre",47.0471011674514,12,167886.327569431,NA,205402.189147628,6585.56329437837
30,2014,"05284467","_k__vr_",50.6951295947321,16,NA,167319.814308893,814803.388882859,NA
30,2015,"07816676","____vr_",1154.37280630553,15,NA,NA,132241.425744585,NA
30,2016,"06530533","g_u__r_",550.187715470332,16,124602.621666991,NA,NA,NA
30,2017,"07926897","__u_vr_",52.3360446171217,15,NA,NA,2538727.18134036,NA
30,2018,"04150701","_____r_",83.5923386689455,17,NA,NA,NA,NA
30,2019,"04666895","g_u_vre",1114.23261130871,15,2629.70367932751,NA,486020.942117286,94264.9213446361
31,2013,"08561001","g___vre",323.883509434123,17,-42323.4543830689,NA,48041.7583930317,882070.661413724
31,2014,"09724257","____vr_",6269.59872538505,15,NA,NA,10377.6900171445,NA
31,2015,"04863527","__u_vre",55.8699942502251,19,NA,NA,144809.963264463,3961.3630540538
31,2016,"05872730","____vre",90.2386383154665,14,NA,NA,18524.9429271051,366070.677919784
31,2017,"07030667","g_u__r_",55.3289665829719,11,-18458.9590276487,NA,NA,NA
31,2018,"10584633","__u_vre",90.6251674574894,15,NA,NA,113882.243754479,30601.1084076899
31,2019,"08947402","_k__vre",4502.05077887306,16,NA,-105945.99159226,41914.4308227763,31818.9047670622
32,2013,"04943981","_____r_",90.3929533982307,14,NA,NA,NA,NA
32,2014,"08473827","g____re",5.59736597351608,7,-50380.9208407257,NA,NA,32150.3488575979
32,2015,"15058350","____vre",15.674505858958,17,NA,NA,953859.069600564,90834.6606981452
32,2016,"07678331","_k__vre",3566.30260337383,23,NA,33477.7354586432,82897.2251426529,98688.3407275927
32,2017,"05099033","gk___re",31.2445468085976,14,26804.4960062393,-17237.4090177769,NA,31546.7906279649
32,2018,"08833478","_k__vr_",21.0320288371045,10,NA,107074.083025438,10524.2905052007,NA
32,2019,"06926458","___pvr_",424.439603785582,14,NA,NA,441843.689435139,NA
33,2013,"04175372","_____r_",53.4714569542868,8,NA,NA,NA,NA
33,2014,"10516233","g___vre",3237.53358414111,13,-35236.6646392152,NA,116932.56523349,247715.342694917
33,2015,"04924485","g___vre",100.356002976454,12,51819.5276940863,NA,413530.753449113,23199.3831519254
33,2016,"05041190","____vr_",1600.49984817551,18,NA,NA,693110.807674642,NA
33,2017,"05353358","g____re",108.690386445363,10,-43143.3037759479,NA,NA,10078.0209483476
33,2018,"04491939","_ku_vre",12.2135389689611,21,NA,181794.741720664,116760.037858886,34255.2037842627
33,2019,"04710229","____vr_",351.284838946671,17,NA,NA,14662.0536183493,NA
34,2013,"05788979","g___vre",2.82669861514954,21,171238.730505143,NA,116154.974384873,272676.024118851
34,2014,"04910198","__u__re",75.0331103311247,10,NA,NA,NA,464111.234978051
34,2015,"05649968","_____re",1.11841720044454,15,NA,NA,NA,8581.45688002138
34,2016,"03092400","gku_vre",580.770260772756,13,110207.427758813,3606.62901883973,12623.7248378227,47764.2030239098
34,2017,"12415056","__u_vre",4021.38537611862,15,NA,NA,59750.4008815413,14916.1789980372
34,2018,"05664977","__u_vr_",137.878469385732,13,NA,NA,634884.091551693,NA
34,2019,"16454364","__u_vr_",352.279451950867,8,NA,NA,804520.590886913,NA
35,2013,"08662682","_____re",167.751791223895,11,NA,NA,NA,148156.501025176
35,2014,"07497520","g_up_r_",2771.97310585514,17,-47648.0132544012,NA,NA,NA
35,2015,"05267888","__u__re",6.98206064931196,15,NA,NA,NA,10804.4850444835
35,2016,"08443828","_k__vr_",1.09262973757233,13,NA,140925.009109868,71794.8862184486,NA
35,2017,"05969680","gku_vre",356.072492485782,17,79577.3896015584,-133912.663700888,657306.828624297,120535.393752169
35,2018,"04210501","___pvre",879.161106863714,20,NA,NA,21183.8308335024,72216.4934055974
35,2019,"08875167","__u__re",11.5386437298847,16,NA,NA,NA,152560.340135757
36,2013,"07659430","____vr_",184.776982343032,15,NA,NA,253003.145076577,NA
36,2014,"05929879","g____re",163.536162628496,13,233301.170919662,NA,NA,140486.187687219
36,2015,"05363303","g_u_vr_",17.5690452938418,9,261813.037312368,NA,5568298.94029561,NA
36,2016,"07881523","g___vr_",105.670164593413,19,127170.463706238,NA,25000.0275403447,NA
36,2017,"02497746","gku_vr_",31.0524249931001,17,79287.9500474079,-264976.580942502,30899.0167186252,NA
36,2018,"04296819","g____re",90.7568244848944,18,71556.8627379274,NA,NA,326232.793451107
36,2019,"05459178","g____re",181.482456890506,10,200558.99410425,NA,NA,685.745643441951
37,2013,"04754143","g___vre",45.0919884350565,15,115513.022360348,NA,651058.511841503,24958.2540371917
37,2014,"07225991","__u__r_",291.389825069631,24,NA,NA,NA,NA
37,2015,"05823239","__u_vr_",591.889244546611,17,NA,NA,1662909.91512463,NA
37,2016,"12678083","_k___re",419.900710146357,9,NA,-59855.1051215596,NA,51473.0494560771
37,2017,"05546599","_____r_",250.892101511886,23,NA,NA,NA,NA
37,2018,"08238119","g___vr_",2168.11053767593,9,-25836.611807061,NA,116700.534289218,NA
37,2019,"08741537","____vr_",7.90505173433543,11,NA,NA,109153.211095163,NA
38,2013,"08001515","g____re",321.986356159724,12,12089.4074139762,NA,NA,860790.02916885
38,2014,"14862860","_____r_",3031.26061184342,12,NA,NA,NA,NA
38,2015,"05569426","__u_vr_",132.45393153876,18,NA,NA,73466.5191755049,NA
38,2016,"04823272","_k__vr_",57.5516416119084,11,NA,-24776.3393062801,72709.691459677,NA
38,2017,"02914277","_____r_",93.5766947102746,10,NA,NA,NA,NA
38,2018,"07828749","g____re",21.0743451928237,17,-55449.6371495715,NA,NA,715.994703018518
38,2019,"05708027","_ku_vre",7.10557575440617,14,NA,-140864.588995428,156542.025135606,12491.8531631173
39,2013,"16975671","g___vr_",15.4215983437577,16,66088.2853924642,NA,229938.2585181,NA
39,2014,"05071242","_____re",4745.3157056329,15,NA,NA,NA,34328.4835213145
39,2015,"02654417","g_u_vre",2731.63504638312,15,59530.0236860567,NA,31974.5614065679,209006.31455075
39,2016,"15010826","_____r_",195.051426177788,13,NA,NA,NA,NA
39,2017,"05483713","__u__r_",0.946915956108827,16,NA,NA,NA,NA
39,2018,"01967107","__u_vr_",10.1911940806785,14,NA,NA,3345534.46798086,NA
39,2019,"07069741","gku_vr_",3.17141073456964,19,279411.013181169,218062.280580876,114196.161794242,NA
40,2013,"05856603","____vre",1.94799328426519,8,NA,NA,266446.51623733,9068.93416495415
40,2014,"15166675","g___vre",143.12713542313,14,-92204.7643812278,NA,1125901.698782,50307.334487486
40,2015,"04133325","_____re",12.8233490954125,17,NA,NA,NA,53752.4847897922
40,2016,"04789540","gku_vr_",1.30255227983954,14,44910.9490475315,-65201.0347489337,8112.44752761212,NA
40,2017,"07063203","g___vr_",231.717035565444,21,99096.3196644814,NA,497280.138306769,NA
40,2018,"07242558","_ku_vre",399.477751474946,21,NA,76676.7947100741,37597.2844269488,23020.29718371
40,2019,"04489432","g_u__r_",25.0011878856333,15,-181058.937211643,NA,NA,NA
41,2013,"07035510","g__pvr_",6189.47977206829,21,3520.01342668229,NA,705186.454588325,NA
41,2014,"05259165","__u__re",121.949453708093,9,NA,NA,NA,214869.796622063
41,2015,"05201456","__up_r_",67.0473156451331,15,NA,NA,NA,NA
41,2016,"13960806","g___vr_",97.5767095628607,22,185062.512260597,NA,176312.242315586,NA
41,2017,"04511917","_kupvre",74.3212390798099,15,NA,194189.95240452,30483.3491172167,121662.330160172
41,2018,"05813132","____vr_",150.126932921265,14,NA,NA,328755.383166467,NA
41,2019,"07091901","__u_vre",4.03679800741307,15,NA,NA,165713.268405511,301386.904751787
42,2013,"05797344","____vre",164.877677479867,11,NA,NA,47971.8152422641,17279.1993726077
42,2014,"04731058","_ku_vre",177.329071374029,20,NA,130.694312119653,411425.009833383,38706.9983581713
42,2015,"05487140","____vre",4992.12329931963,18,NA,NA,3338785.29850302,4404.11977284178
42,2016,"16298498","gk___re",20.6286510922673,9,-36798.6864337547,180340.789109147,NA,1369083.98424946
42,2017,"14017487","g__p_re",368.386388441892,17,150878.286533401,NA,NA,301184.395401955
42,2018,"04482540","_____r_",144.929882939717,8,NA,NA,NA,NA
42,2019,"04532237","_k__vre",76.6888603323514,13,NA,74198.105734608,226330.356119394,64087.2088498187
43,2013,"04960575","____vr_",365.442085817092,15,NA,NA,339072.460072386,NA
43,2014,"05433426","gk__vr_",3960.00905324479,14,123733.154171625,122474.396031715,440866.798311237,NA
43,2015,"01474249","____vr_",10.6023651471995,10,NA,NA,65960.409715089,NA
43,2016,"08076624","____vre",698.753939693258,17,NA,NA,33635.4131570715,153050.116547305
43,2017,"05088036","g___vr_",67.9773170683743,20,214981.203431733,NA,169998.528522203,NA
43,2018,"05984130","g_u__r_",10.9877400593244,14,-11349.9652288236,NA,NA,NA
43,2019,"07998125","____vr_",67.9021824220915,18,NA,NA,55402.1564763796,NA
44,2013,"07158012","g_u__re",43.5347757769501,10,72138.1580499423,NA,NA,72422.8300369004
44,2014,"05726685","__u__re",32.4898069254641,14,NA,NA,NA,311060.626443646
44,2015,"04478257","gk_pvr_",425.469569292353,13,-31842.5410433521,5511.82859112124,285062.721668667,NA
44,2016,"15691700","___p_r_",689.08306298677,13,NA,NA,NA,NA
44,2017,"02458303","g____re",113.427035210668,12,298551.489846834,NA,NA,2863.68245825498
44,2018,"07112500","_k___re",719.546579646689,15,NA,81852.8703706858,NA,13375.6834287159
44,2019,"05161076","____vr_",6355.44194871291,11,NA,NA,19668.7385508394,NA
45,2013,"04106367","g____r_",353.637379605746,14,109666.393794416,NA,NA,NA
45,2014,"04135624","gku_vr_",384.148367319315,16,61612.5774204972,-61310.104746838,138923.387612621,NA
45,2015,"05537351","g____re",311.850840391243,22,37169.818369974,NA,NA,112651.783915776
45,2016,"13536241","_kup_r_",125.823314782049,17,NA,127944.246708898,NA,NA
45,2017,"07767817","g___vre",202.813484104933,12,80278.2368103108,NA,52292.8290166911,69574.2776532738
45,2018,"05834257","___pvr_",66.0314186108845,14,NA,NA,209435.917803136,NA
45,2019,"04292701","g_u__re",10.8805480781956,17,-106846.505582332,NA,NA,136815.7211369
46,2013,"02948753","_____r_",14.0762284191918,13,NA,NA,NA,NA
46,2014,"04776714","__u_vr_",4.58069121397819,21,NA,NA,181790.111002751,NA
46,2015,"09206031","g_u_vr_",28.4646211174453,12,93293.4632283733,NA,186874.818929984,NA
46,2016,"11145323","____vr_",308.225726235213,10,NA,NA,216010.514401294,NA
46,2017,"03698209","____vre",122.54614867726,16,NA,NA,476767.584433522,6630.6152048946
46,2018,"07933004","____vre",172.307676259192,11,NA,NA,374821.107697618,289980.522697852
46,2019,"07753409","g_u__r_",129.527696521038,16,173325.489915403,NA,NA,NA
47,2013,"05145587","_ku__r_",11.0227020673233,17,NA,308159.026129856,NA,NA
47,2014,"04080295","___pvre",1039.22204720594,22,NA,NA,9994.80223311893,64379.859531756
47,2015,"08864586","____vre",619.939498862649,12,NA,NA,335268.661329356,11665.1503264284
47,2016,"02692592","g_u_vre",92.1785714523333,16,107718.542929046,NA,37312.2508172992,13668.4350847007
47,2017,"04025199","____vr_",108.550792790745,18,NA,NA,226296.986492778,NA
47,2018,"10510547","g___vr_",736.647423198915,17,13276.5333044389,NA,40643.4160290635,NA
47,2019,"14486479","__u_vr_",634.916456029451,15,NA,NA,374467.845303938,NA
48,2013,"14195252","g_u_vr_",0.288201481355416,20,78794.7215331456,NA,298603.207357307,NA
48,2014,"11654242","__u_vr_",1959.88830783728,13,NA,NA,780770.537344379,NA
48,2015,"05969789","___pvr_",271.558333561532,9,NA,NA,755317.597035053,NA
48,2016,"05568061","g____re",41.8417514742389,8,113191.697944074,NA,NA,988828.178288797
48,2017,"07684218","__upvre",29.5116937534011,18,NA,NA,83274.4061999521,1202221.95450124
48,2018,"09695797","__u_vr_",422.601572671104,13,NA,NA,12601.7168815124,NA
48,2019,"07969363","____vr_",6473.82115351249,16,NA,NA,1235559.46919793,NA
49,2013,"08984293","g___vre",1198.33740111706,17,197298.635302582,NA,137630.939038504,42293.6323851149
49,2014,"04750368","_____re",61.1175639314049,7,NA,NA,NA,256824.443023039
49,2015,"12579205","gk___re",33.6537872460626,12,-121537.087525009,167529.64646239,NA,91819.6078501248
49,2016,"04164580","____vr_",20.3120318529592,22,NA,NA,165338.029929648,NA
49,2017,"07291175","_____re",791.648150179721,17,NA,NA,NA,35270.5421258429
49,2018,"05039520","_____re",46.2183104691984,19,NA,NA,NA,310253.822356762
49,2019,"12481739","___pvre",311.14924594386,13,NA,NA,92147.7216855134,262707.688776441
50,2013,"04700631","g___vr_",256.120875216915,15,-58865.4907698438,NA,207512.090111124,NA
50,2014,"05248832","__u__re",8.06971670843646,16,NA,NA,NA,182914.645206707
50,2015,"05805841","____vr_",244.296415073592,16,NA,NA,165371.684991302,NA
50,2016,"06854759","g___vr_",35.2647474325689,11,50776.796086538,NA,1962839.73888171,NA
50,2017,"04388461","g_u__re",43.6270798482888,13,-49299.350223784,NA,NA,11607.8679111691
50,2018,"12285965","g___vre",834.63176738197,21,62984.9139526675,NA,417040.112364377,2266.88597680124
50,2019,"11475972","_____re",17.1595485046191,11,NA,NA,NA,41259.8233581843
51,2013,"07392900","g_u_vr_",5276.88432568362,17,-58508.2479662638,NA,599882.434773166,NA
51,2014,"08300985","g____re",43.1394148317814,14,20228.4765689188,NA,NA,87203.7834630119
51,2015,"05300138","__u_vr_",127.204751912987,17,NA,NA,271485.737726559,NA
51,2016,"05524954","___p_r_",175.411994928555,16,NA,NA,NA,NA
51,2017,"14111387","_k___re",127.012881776741,19,NA,210512.937086961,NA,28280.87831295
51,2018,"07649039","___p_re",26.4402928819269,18,NA,NA,NA,603050.724462179
51,2019,"09088422","__u_vre",453.226152302367,16,NA,NA,115912.039685886,27593.6437727517
52,2013,"06707273","_kup_re",7731.95781776013,13,NA,145671.879844089,NA,166533.489787751
52,2014,"07131379","g_u_vre",156.644246312068,13,-59437.4343482123,NA,238444.870146591,40527.2997419903
52,2015,"07666922","____vr_",19.5162627347878,17,NA,NA,132060.719497353,NA
52,2016,"08361660","___pvre",148.485698930835,11,NA,NA,590508.480173602,47246.0207763174
52,2017,"09768938","____vr_",91.9503665213652,17,NA,NA,28148.4832664369,NA
52,2018,"04391340","____vr_",1550.05482212079,15,NA,NA,219567.220393159,NA
52,2019,"13411652","g___vre",23.9011805200648,16,-99295.638362818,NA,99092.2904273601,224322.624152856
53,2013,"09471660","__u_vr_",84.2531392408952,16,NA,NA,13738.5411030674,NA
53,2014,"08940284","__upvr_",1150.2423474385,13,NA,NA,3808533.01533849,NA
53,2015,"08749867","g_u_vr_",234.920936605598,16,64043.8502524469,NA,519420.988282916,NA
53,2016,"02433318","__u_vre",1597.77857241858,17,NA,NA,669417.326406521,102952.232896303
53,2017,"07224626","_____r_",5.22175526300823,8,NA,NA,NA,NA
53,2018,"04079003","____vre",34.5910318234877,18,NA,NA,174769.307531433,35196.1288543111
53,2019,"05303815","g___vre",36.4768401901605,15,-47754.7256125459,NA,72327.2858368272,80740.0327862044
54,2013,"04404140","____vre",118.175157511445,13,NA,NA,834549.480037244,20496.8920221808
54,2014,"01995943","____vre",11.9559605651303,14,NA,NA,557455.168504173,462438.039507348
54,2015,"05603803","___pvre",48.047208544435,6,NA,NA,1915948.12751217,49757.5808560336
54,2016,"14557735","g_upvr_",3.60369833707624,17,244563.25284236,NA,1472279.21506265,NA
54,2017,"06147916","__u_vre",513.391439834952,19,NA,NA,1079844.57949341,56794.8061770808
54,2018,"05578471","_____r_",63.9589284906396,13,NA,NA,NA,NA
54,2019,"05918358","____vre",237.063182346037,11,NA,NA,27835.9691014792,14939.897496109
55,2013,"05677266","__upvr_",118.374959022114,11,NA,NA,32570.542940766,NA
55,2014,"10105602","____vre",489.133775937268,16,NA,NA,58553.2349730453,63449.3418386878
55,2015,"08765063","g__pvre",338.908514722751,17,48848.2579410244,NA,427347.21634356,118802.200245049
55,2016,"07690863","g_u_vr_",3.91035975950219,17,116526.825481611,NA,12552.9509119993,NA
55,2017,"04033102","_____re",11.4850076597763,12,NA,NA,NA,89589.3477488831
55,2018,"04324427","____vre",23.1665172457752,12,NA,NA,84266.1409475819,79349.6500934368
55,2019,"08082065","____vre",3.73434950125511,18,NA,NA,16257.5455998457,330793.182202044
56,2013,"12574554","__u__r_",2.08038514397155,24,NA,NA,NA,NA
56,2014,"05613826","g____re",1067.27438936106,16,5655.07889899366,NA,NA,10006.0102850902
56,2015,"06099190","___pvre",122.174003818278,15,NA,NA,174621.630837282,23548.285275738
56,2016,"05810419","____vre",111.011611910337,16,NA,NA,280453.759798024,14182.196443831
56,2017,"05056013","g___vre",80.9006537398792,15,177900.535288233,NA,577494.274555432,49515.07706095
56,2018,"16153837","_____re",17.8796926243477,9,NA,NA,NA,173689.950613171
56,2019,"07679441","_k___r_",423.290250117025,11,NA,58224.0880675299,NA,NA
57,2013,"09014490","____vre",273.25237651746,8,NA,NA,167079.806910392,36456.6910799594
57,2014,"04061816","__u_vr_",127.322510302753,15,NA,NA,471527.123391862,NA
57,2015,"14859782","g_u_vre",334.131721187282,14,153781.424327437,NA,76969.2158289576,72941.6652960825
57,2016,"07074475","__u__re",1325.57927599102,14,NA,NA,NA,161870.736300635
57,2017,"06512347","__u__re",7.22450914390708,17,NA,NA,NA,7950.52694999444
57,2018,"11919417","g___vre",599.539535168611,19,88090.769889465,NA,810560.443603589,14284.7670208301
57,2019,"08586800","__u_vr_",1050.70137798361,19,NA,NA,751799.282696271,NA
58,2013,"05917513","gkupvre",109.050032334199,23,-117764.10307335,167260.982116917,1012152.48816615,59815.5757616708
58,2014,"05681544","__u_vr_",91.8451478889236,13,NA,NA,15292.6291877899,NA
58,2015,"07679683","g___vr_",427.184085240252,16,-62634.9154143411,NA,74488.1138383369,NA
58,2016,"09070846","g_u_vr_",10.5414821846735,19,72725.1079099038,NA,90209.4001749645,NA
58,2017,"07948225","g__p_r_",246.466371249984,14,67976.0389890883,NA,NA,NA
58,2018,"15412852","_k_p_r_",183.888634685544,15,NA,277493.545940649,NA,NA
58,2019,"05776131","g_u_vr_",344.737043726463,17,50104.4963747447,NA,171395.141680902,NA
59,2013,"13671887","g_u_vr_",152.838744901305,5,185897.990528392,NA,776762.81611039,NA
59,2014,"04090771","g____re",151.071521041939,26,174430.609184806,NA,NA,253601.72588989
59,2015,"05190887","g___vre",77.5507729362749,14,-42867.1853967307,NA,230624.673113147,86823.4913004285
59,2016,"04792059","g_u__r_",452.505356367085,18,-525.622558237701,NA,NA,NA
59,2017,"05293625","____vre",29.41658339341,16,NA,NA,62949.1526600961,19665.6824464879
59,2018,"08314563","_____r_",872.005054485705,13,NA,NA,NA,NA
59,2019,"04339791","g___vre",18.4659909026782,15,97528.966969449,NA,23853.9992794091,18728.4010361253
60,2013,"14596310","g_u__re",252.156930079823,18,84838.4651983538,NA,NA,263767.647251051
60,2014,"05011302","_k___re",175.902809901994,17,NA,22991.0082591737,NA,121784.94988636
60,2015,"05859417","____vre",21476.6336682349,23,NA,NA,275311.964208248,121860.459799938
60,2016,"04753326","__u_vr_",148.655824308741,17,NA,NA,144833.544775206,NA
60,2017,"01327006","____vr_",11.0037742945958,15,NA,NA,381561.724814688,NA
60,2018,"07440462","_ku_vre",41.8204202089669,12,NA,161271.483478465,231206.019732352,191815.546055467
60,2019,"05362817","_____r_",32.2012720200803,13,NA,NA,NA,NA
61,2013,"05172884","____vr_",773.471160968888,16,NA,NA,47502.7799331639,NA
61,2014,"07374980","g___vre",9.8582692775602,17,-155700.911117181,NA,163289.433091051,2565.34734391228
61,2015,"13132008","g___vr_",44.3572205497264,18,-61593.7476960051,NA,344340.451049455,NA
61,2016,"12159009","g___vre",1054.48652909563,15,97319.0066433458,NA,97848.2090833157,1445510.51232311
61,2017,"08180932","____vre",62.7246283749712,11,NA,NA,69027.295588563,27490.3471687936
61,2018,"05547743","_____r_",239.301031306596,17,NA,NA,NA,NA
61,2019,"07189036","__upvr_",334.885582582506,20,NA,NA,601619.052129566,NA
62,2013,"04957911","____vr_",143.212728727145,20,NA,NA,17846.2204831547,NA
62,2014,"09065314","g___vre",373.158787171263,15,175994.970638327,NA,15065.3434569824,20565.9741475273
62,2015,"07432263","g___vre",80.543994293918,19,103500.067719778,NA,13147.6017648478,4184.90905710203
62,2016,"07890285","__u_vr_",1232.25939246619,19,NA,NA,70479.2310286132,NA
62,2017,"08261719","g___vre",4527.79650115798,10,-180544.714659864,NA,618712.005693423,58196.3890820046
62,2018,"07499734","__u_vr_",13.0873933451843,10,NA,NA,24401.5177838632,NA
62,2019,"05529464","_____re",4261.18677878014,15,NA,NA,NA,68915.4218975388
63,2013,"02043955","g____r_",6.04508296782677,12,-9483.31706441376,NA,NA,NA
63,2014,"05449639","g___vre",352.459582971558,25,-67605.2178591542,NA,93425.7559713922,2513.36957596591
63,2015,"07984401","____vre",10593.6151990607,13,NA,NA,216076.408973977,81005.5953243344
63,2016,"04545751","g___vre",90.0679855835793,12,-58445.8002857365,NA,1160577.92879858,55631.7457048505
63,2017,"05594577","__upvr_",87.1748764288204,10,NA,NA,16970.3583874032,NA
63,2018,"07067058","___pvr_",1317.95790513119,12,NA,NA,1123675.57979517,NA
63,2019,"09510823","g____re",12.5681119910517,16,59428.543494427,NA,NA,48784.0664054638
64,2013,"11069467","gk___r_",47.6408558428425,17,-37755.0600194904,10064.1725188401,NA,NA
64,2014,"04807328","g_u__re",93.7744957764719,22,-33160.2998715218,NA,NA,163009.004727985
64,2015,"16966560","____vre",250.487073555569,16,NA,NA,19763.2809877121,4893.22802327085
64,2016,"04720366","____vre",5.06891510909312,11,NA,NA,1989285.11507273,441366.640163052
64,2017,"07269889","____vre",71.2291385888007,12,NA,NA,578906.814427521,11335.8833982338
64,2018,"05289203","_____re",720.263940080476,17,NA,NA,NA,386426.384849831
64,2019,"12376842","g___vr_",204.332862853683,15,182187.766732763,NA,602034.367349128,NA
65,2013,"09767047","g____r_",77.1449850015234,26,242768.657704191,NA,NA,NA
65,2014,"05243347","__u_vr_",213.678056294996,11,NA,NA,464555.426959894,NA
65,2015,"07690092","g____r_",21.9650637409849,20,-15592.5457194659,NA,NA,NA
65,2016,"07650562","__u_vre",109.316062696468,13,NA,NA,613621.226690227,1491093.88299248
65,2017,"09590514","____vr_",11.8927592319648,9,NA,NA,32310.6442346149,NA
65,2018,"09618794","_____r_",3026.50144740922,19,NA,NA,NA,NA
65,2019,"07247136","g__pvre",284.353532847188,19,176443.600610152,NA,45135.0762619709,11480.8616159137
66,2013,"04098990","g___vr_",222.210030972616,14,137206.114240108,NA,4486870.78342117,NA
66,2014,"04208092","g___vr_",2.54250440718909,17,88252.8893026035,NA,295640.090762138,NA
66,2015,"09636720","____vr_",13.1178466255847,16,NA,NA,106052.937698069,NA
66,2016,"15593928","__u_vr_",160.794410416343,15,NA,NA,4778.06614915588,NA
66,2017,"10514215","__u_vr_",62.5158877795304,17,NA,NA,50722.6516858925,NA
66,2018,"07719503","____vre",682.10946857023,19,NA,NA,270717.431309902,37585.6444233752
66,2019,"05855549","_____r_",1186.45010387925,11,NA,NA,NA,NA
67,2013,"10091952","___pvre",16.0028765681535,17,NA,NA,71941.9806767047,8391.90704290999
67,2014,"05296238","____vre",100.352756806053,20,NA,NA,71537.2601460987,99046.9696801224
67,2015,"05963775","_ku_vre",5906.43494033732,17,NA,129686.670032658,677412.435493116,18066.7975386579
67,2016,"09674229","g____re",581.136196893413,15,-97374.0715592227,NA,NA,37266.6267952849
67,2017,"04689508","_k__vr_",1057.23775851571,22,NA,-38592.3897515285,175911.049271355,NA
67,2018,"05896204","____vr_",29.2856245720748,14,NA,NA,9048.44073359357,NA
67,2019,"07886454","_k__vre",1083.04746081561,7,NA,152232.585055389,78058.7177745329,178131.990829555
68,2013,"16323798","____vr_",5.23657602720001,16,NA,NA,958617.640499343,NA
68,2014,"04427885","_ku_vr_",80.5732588367959,9,NA,-31924.1592649933,267076.258095196,NA
68,2015,"05314849","__upvr_",44.646312150669,9,NA,NA,1181336.47438126,NA
68,2016,"11805693","___pvr_",2632.97076340001,10,NA,NA,847334.98361276,NA
68,2017,"06022432","____vr_",74.2150245991758,13,NA,NA,371709.478211192,NA
68,2018,"07737791","_k__vre",68.8336823727923,20,NA,221991.388505765,95970.8467989685,162422.427847992
68,2019,"07771229","g___vr_",34.7555220737158,16,9831.56181468279,NA,131162.39788333,NA
69,2013,"08078998","____vr_",181.266763430716,9,NA,NA,43539.9917831671,NA
69,2014,"11230604","____vr_",411.937043336624,9,NA,NA,301944.083816818,NA
69,2015,"05272549","__u_vr_",6.49513979269334,11,NA,NA,5559460.0292722,NA
69,2016,"01074257","g_u_vr_",116.257048688484,10,-127697.020724993,NA,668644.67642367,NA
69,2017,"04027918","gku__r_",3097.32406411299,10,83702.5241087177,-24214.5288097769,NA,NA
69,2018,"08968308","g___vr_",61.0095426704201,13,49751.8864562548,NA,511577.039592852,NA
69,2019,"10983085","g_u__r_",26.0059297650693,17,11112.2802311601,NA,NA,NA
70,2013,"05246978","g____r_",494.100570069765,10,146691.486614433,NA,NA,NA
70,2014,"15265767","__u__r_",496.852303228402,14,NA,NA,NA,NA
70,2015,"07611757","__u_vre",8.65150791039816,8,NA,NA,883900.663696568,192514.237442234
70,2016,"15738819","g___vre",4683.78254194536,15,-46274.3596302588,NA,14576928.546153,12085.2637906546
70,2017,"04678769","g___vre",217.738452760401,16,52145.8668615505,NA,3661.82653033262,3912.53906839405
70,2018,"05482998","__u_vr_",4583.14445247541,14,NA,NA,263259.432058579,NA
70,2019,"05688043","g___vre",17.5065938320525,14,116234.185387034,NA,56676.87163057,60889.3937041612
71,2013,"13670908","__u_vr_",187.33204873356,9,NA,NA,453995.053484965,NA
71,2014,"07729867","___p_re",94.9158366438919,16,NA,NA,NA,24948.9426335211
71,2015,"10094157","g__pvr_",7210.28093886834,16,-75662.8972601881,NA,239278.819977878,NA
71,2016,"07201255","gk__vre",31.3580025412104,15,21002.8233014677,37660.3246523139,43165.1092332072,6625.78860170836
71,2017,"07293558","___p_r_",721.804769272245,17,NA,NA,NA,NA
71,2018,"05721991","g_u_vre",16.297283194435,10,-34724.8403203566,NA,35073.6766828222,199674.82341761
71,2019,"01236448","____vr_",274.642031390204,15,NA,NA,25315.9873388419,NA
72,2013,"04788129","____vre",1597.39764398236,16,NA,NA,87876.2389655307,320030.333163744
72,2014,"05356216","_____re",10292.0404744197,22,NA,NA,NA,607573.240678891
72,2015,"05486049","_ku_vre",32.0487792113486,15,NA,-123452.312742089,262873.989106842,12993.1346641595
72,2016,"05610963","____vr_",87.3315407120345,9,NA,NA,141288.808689495,NA
72,2017,"05067189","_____r_",631.597286577781,15,NA,NA,NA,NA
72,2018,"07498769","g___vre",2.08876502331493,17,-82072.2364523029,NA,172130.2578253,961252.810316132
72,2019,"12766749","____vr_",7.93182555260731,15,NA,NA,38354.4247246978,NA
73,2013,"05785066","____vr_",185.360334282098,18,NA,NA,853043.309895621,NA
73,2014,"15344960","g___vre",36.5784835481982,19,-29359.3194949067,NA,211627.149154588,28732.6976429093
73,2015,"08765700","g___vre",689.909676732484,19,148826.383662228,NA,151937.122121766,17705.5994664797
73,2016,"05203013","g____re",818.78113434511,15,-138706.606877941,NA,NA,1708028.34690033
73,2017,"11008939","__u__r_",110117.637141208,20,NA,NA,NA,NA
73,2018,"04167198","g___vr_",22.081325808795,15,31028.2421742806,NA,263741.242284731,NA
73,2019,"05053375","__u_vr_",21.2190542120634,15,NA,NA,367594.417411003,NA
74,2013,"01916422","__u_vre",59.9857163497328,15,NA,NA,2262500.94766715,5279.52358447219
74,2014,"04860406","____vre",62.8859299529239,17,NA,NA,547874.785925474,65804.6971845844
74,2015,"04758455","g_u__r_",1043.94001244369,12,33262.6773659816,NA,NA,NA
74,2016,"07957780","g_u_vre",14.1793215440925,14,-65346.9726745768,NA,206578.601627816,7364.48395357988
74,2017,"04151349","__u_vr_",93.8850458546939,10,NA,NA,1068906.55937444,NA
74,2018,"05824891","__u_vr_",382.815783040504,19,NA,NA,234564.789839512,NA
74,2019,"04417310","_____re",1386.5472219867,8,NA,NA,NA,96105.6882040196
75,2013,"04444513","g____r_",51.3930891631152,12,38359.2893072509,NA,NA,NA
75,2014,"08120333","g_u_vr_",66.3751840674468,24,-36297.2217172726,NA,451088.186481038,NA
75,2015,"12531927","__up_re",1680.68591911648,16,NA,NA,NA,12008.8032403465
75,2016,"02848291","_ku_vre",16.3999632000468,12,NA,-221131.849625146,74770.6876783632,1222398.63407553
75,2017,"10232601","____vr_",3.1600600892779,17,NA,NA,106805.408352141,NA
75,2018,"05244697","____vr_",288.162931405557,13,NA,NA,954233.480489808,NA
75,2019,"09434552","g_upvr_",10.8918619745833,14,-89236.059800967,NA,178311.378755513,NA
76,2013,"09885502","____vr_",84.1350540167818,19,NA,NA,30427.9302839985,NA
76,2014,"05778025","_____re",19.669289458808,17,NA,NA,NA,21622.464964978
76,2015,"11458375","g___vre",90.9647272528308,21,133230.561364383,NA,300416.149838444,48946.5315073639
76,2016,"07915719","____vre",30.7480119327234,16,NA,NA,2682110.42311902,58814.0049514788
76,2017,"04077805","g_upvr_",1509.87255298768,18,45610.9588503624,NA,65347.068181934,NA
76,2018,"16855267","___p_re",49.7824833777522,8,NA,NA,NA,1519.36484344347
76,2019,"04108557","g___vre",6586.42538325025,19,18635.3517779993,NA,225915.971588036,60673.4423538893
77,2013,"12936431","_k__vr_",2025.38632865211,19,NA,119381.606264918,1045338.52459843,NA
77,2014,"09309472","gk__vre",27.4841134559222,15,33964.1433147419,52843.5452363923,15010.4009493758,72748.6656268104
77,2015,"07102275","__u__r_",1.09175370630906,18,NA,NA,NA,NA
77,2016,"05118483","gk___r_",23.2786297390697,12,-91338.4392997125,-44328.8487268991,NA,NA
77,2017,"05295188","_____re",231.132705216274,24,NA,NA,NA,12493.6853988616
77,2018,"07700609","_ku__re",321.936436220434,11,NA,-11219.9990467922,NA,21783.2349055942
77,2019,"07167621","g___vr_",893.500625309934,19,-87160.398710299,NA,83321.3099329979,NA
78,2013,"04677233","__u__r_",91.2148043429005,13,NA,NA,NA,NA
78,2014,"14193122","_____r_",1001.71845453233,20,NA,NA,NA,NA
78,2015,"06179496","g___vr_",81.3080721466197,14,166214.252346837,NA,35650.6414031141,NA
78,2016,"07184793","____vr_",337.98600516754,16,NA,NA,69234.6582765466,NA
78,2017,"05107593","gk___re",199.232930762385,18,102383.590631267,99905.4752730656,NA,45889.5723132496
78,2018,"08482999","g___vre",1525.03184768966,16,6207.02436050162,NA,323096.220700049,71145.2237067247
78,2019,"01946780","g____r_",137.718849348718,19,176082.45291132,NA,NA,NA
79,2013,"09919395","_____re",29.0091930121824,25,NA,NA,NA,87352.1018084376
79,2014,"04618492","___pvr_",50452.8702294444,16,NA,NA,147382.054024516,NA
79,2015,"04166683","_____r_",12.1279375237447,17,NA,NA,NA,NA
79,2016,"04565773","____vre",229.134487791923,20,NA,NA,442371.029022595,90994.5250589651
79,2017,"11292717","g_u__r_",27.7997453768639,16,85186.5599682905,NA,NA,NA
79,2018,"05061763","____vre",422.874373370946,19,NA,NA,102583.729049832,19373.1071332903
79,2019,"09780032","____vre",743.554543957598,19,NA,NA,1251076.37248167,372874.259954193
80,2013,"05501693","g____re",1232.56311132998,16,41100.7417098401,NA,NA,75071.4903527716
80,2014,"05262085","____vre",3.11423080508291,14,NA,NA,296359.491642448,28925.1223126494
80,2015,"05721957","g_u_vre",1233.2291467657,17,59979.5216659328,NA,138112.273920987,28272.5691424498
80,2016,"11385373","g___vre",12722.0930078459,12,150652.650865248,NA,445538.241534342,14691.1506409638
80,2017,"04571037","_____r_",84.5861000283058,16,NA,NA,NA,NA
80,2018,"15107056","_____r_",15.5038239611507,20,NA,NA,NA,NA
80,2019,"01568019","____vre",12.08912476658,15,NA,NA,4490.71281058044,9566.60706552596
81,2013,"12852506","____vr_",12.5977053509593,9,NA,NA,16506.8546098109,NA
81,2014,"05922667","__u__re",574.009110050753,18,NA,NA,NA,3435.62615453622
81,2015,"05569283","g__pvr_",284.057127935152,18,5390.69439473427,NA,146481.040950565,NA
81,2016,"05508938","__u_vr_",0.862742632840201,16,NA,NA,76199.9723865712,NA
81,2017,"04339367","____vre",2475.90483103193,11,NA,NA,443761.777864517,39999.8258981317
81,2018,"04126066","_ku_vr_",571.044880387805,17,NA,72127.3613961172,43641.9067455081,NA
81,2019,"14696813","____vre",26.3030999373976,10,NA,NA,53585.8019274655,107546.757668901
82,2013,"04741923","g_u_vr_",2597.4271897952,9,215505.467375388,NA,109944.503342312,NA
82,2014,"07003396","gku_vre",234.471041941869,12,23177.0853341934,143139.181225595,393330.90012148,181246.406731176
82,2015,"01813004","g___vr_",6.09096703700075,19,76767.1382880913,NA,35771.6157194252,NA
82,2016,"09403412","_k___r_",50.5835898150182,17,NA,96151.6600479813,NA,NA
82,2017,"05501967","____vr_",119.935244028842,15,NA,NA,1503381.63723515,NA
82,2018,"03765223","g_up_re",26.2059836403664,20,127298.659193346,NA,NA,26975.6589598033
82,2019,"05633284","__u_vr_",1.97001042926403,17,NA,NA,81534.0742981754,NA
83,2013,"04306621","_k___re",21.1962891340475,13,NA,197471.355059167,NA,27161.8929522357
83,2014,"09084205","____vre",9.72792100624912,14,NA,NA,303460.692035469,4607.85032270166
83,2015,"05223090","g____re",150.745986093466,14,126152.050092946,NA,NA,22609.125284925
83,2016,"05014112","g__pvr_",170.578178291724,9,93533.9794796424,NA,153991.456219317,NA
83,2017,"08610266","gk__vr_",53.0158137539559,10,-43175.1671694734,-19008.7097566506,1605194.40597091,NA
83,2018,"08353705","__u_vre",1643.66076810622,15,NA,NA,2448216.10198627,46861.1141075593
83,2019,"04406688","____vr_",71.8489890369734,18,NA,NA,672673.049313,NA
84,2013,"11430425","____vre",581.721893543757,12,NA,NA,428601.029427311,10736.7650161524
84,2014,"09263963","g___vr_",295.835196585018,17,84260.8245676627,NA,592467.492928438,NA
84,2015,"09175504","g___vr_",750.455623024459,12,-97963.3292676781,NA,41582.8465250407,NA
84,2016,"04951705","g_u_vre",479.647274321467,17,194870.679771548,NA,192983.353449317,241201.998305848
84,2017,"07038876","____vre",96.9886065198859,16,NA,NA,3296691.44461963,10257.8568704013
84,2018,"03620441","gk___r_",24.0567222883148,17,124930.368972802,12330.7739234949,NA,NA
84,2019,"03244711","g_u_vre",142.575763960062,13,5048.5104421331,NA,32266.7818949898,7415.58888382468
85,2013,"07683943","gku_vr_",26.0521700752977,16,49056.569382289,213067.204841574,97728.3458143135,NA
85,2014,"14970777","_k_pvre",1238.34797506535,15,NA,-188200.390872665,43710.4222432287,181452.498352964
85,2015,"04862898","g__pvr_",409.153023366227,12,92595.5479164035,NA,4172086.51826393,NA
85,2016,"10561059","__u_vr_",7962.6330150034,25,NA,NA,246501.656418777,NA
85,2017,"07281398","____vre",99.2159901115622,16,NA,NA,650623.576807192,205043.254120554
85,2018,"03074981","__upvr_",84.5452040496755,17,NA,NA,36769.7528142152,NA
85,2019,"12414172","g___vre",227.954476961879,14,-115747.132698902,NA,47087.6692536507,1238955.98754525
86,2013,"07923029","g___vr_",90.6415948990388,15,151513.796275192,NA,707608.384201972,NA
86,2014,"08659210","_k__vr_",17.794337499838,16,NA,-127859.130015764,35983.6598782138,NA
86,2015,"04170012","g___vre",9.48710232406736,5,-13209.6100388567,NA,193325.955737333,25463.3470910362
86,2016,"05317918","_k__vre",26.0313622847601,23,NA,-13281.6263842625,545081.836097636,38107.385991373
86,2017,"07201156","____vre",11.7997287833749,13,NA,NA,1369959.87391078,414573.360535479
86,2018,"07406299","g____r_",402.658465320488,12,123308.170140596,NA,NA,NA
86,2019,"04091793","_ku_vre",112.168292983458,10,NA,50217.6497481802,15874.1390268972,449901.403123734
87,2013,"01584745","gk___r_",77.4134067500396,11,82088.3401963153,151408.568293514,NA,NA
87,2014,"04467227","_k__vre",171.539879189692,18,NA,161899.354250968,312679.154860076,389526.70256697
87,2015,"07327632","__u_vre",325.045867504607,23,NA,NA,736210.619617186,24054.8126612463
87,2016,"07986956","__u_vr_",9.85976432606212,16,NA,NA,102444.672091842,NA
87,2017,"01375474","____vre",1752.14349692739,14,NA,NA,147566.600615079,127712.014298046
87,2018,"05016383","__u_vr_",101.05643896094,18,NA,NA,44116.5441095291,NA
87,2019,"07072777","_____re",733.082715211986,13,NA,NA,NA,17095.9641416143
88,2013,"07663353","g_u__re",1007.01290290534,16,11838.566260687,NA,NA,167596.598915966
88,2014,"07213383","__u_vr_",201.5205418871,22,NA,NA,111902.697497009,NA
88,2015,"07060974","g___vre",210.67820241639,12,-171443.798231087,NA,972652.436513452,50393.4301746655
88,2016,"09720155","____vre",115.979461990869,19,NA,NA,213994.138975867,28641.5224705292
88,2017,"04095691","___pvr_",134.824260305594,18,NA,NA,30049.5404646397,NA
88,2018,"10382204","_kupvr_",4977.07299830384,14,NA,-142439.997855519,192927.387667504,NA
88,2019,"11349760","g__pvre",5.42498615350059,3,141704.372450143,NA,370154.651881634,18216.5096730841
89,2013,"05171182","__u_vr_",2207.33746646947,17,NA,NA,561347.854356957,NA
89,2014,"04185270","g___vre",25.2902324867498,15,-11996.1746285538,NA,90210.2136946215,78213.9005360416
89,2015,"07667204","g_up_re",50.3525875117276,15,28010.8321592804,NA,NA,21508.3254183475
89,2016,"04586992","gk__vr_",9.81354738185922,15,103531.766969357,-47798.2430942227,119371.946206265,NA
89,2017,"07980788","g____re",1717.27972548246,12,35269.1374345118,NA,NA,212179.291414716
89,2018,"08896768","_____re",839.805361648784,18,NA,NA,NA,52644.8895023183
89,2019,"04146279","_k_pvre",121.907881630362,15,NA,-73673.7029674825,105122.950856128,48424.0251886958
90,2013,"14016662","g___vre",12.2527704645601,13,-139207.418592925,NA,116073.852616809,338677.953055424
90,2014,"05712324","gkupvre",649.574485386592,19,83353.0676003231,31528.9861372134,47579.0982081034,7212.59461286357
90,2015,"09597589","g___vre",205.978445000739,25,30177.2734028319,NA,62995.2229140764,86913.1832543845
90,2016,"04101645","_k__vre",120.612283717933,18,NA,209186.90755203,32886.9517109316,611468.344536605
90,2017,"07151868","_____r_",18.0617651272178,11,NA,NA,NA,NA
90,2018,"14250788","____vre",62.7099363649649,22,NA,NA,4275.8637212518,30195.1534265589
90,2019,"07434737","g___vre",144.583551683183,12,-48689.9730560255,NA,1344078.94590033,48054.6390498192
91,2013,"04514109","g____re",24.8477233757123,19,135097.496240326,NA,NA,276192.853594656
91,2014,"04640158","_ku__r_",163.869770230341,11,NA,64282.6767546778,NA,NA
91,2015,"04759702","____vre",152.792288121035,19,NA,NA,28060.7257958235,40932.7385656348
91,2016,"04481649","____vr_",17.4944060935497,19,NA,NA,348964.395899204,NA
91,2017,"08348649","g____r_",843.022619812056,12,-81513.2162154425,NA,NA,NA
91,2018,"14927694","__upvre",353.422574945789,6,NA,NA,130767.225446897,51747.5090049296
91,2019,"05988557","__u_vr_",40.5760979881928,17,NA,NA,122098.146731902,NA
92,2013,"07746845","_k__vre",262.797066269296,14,NA,55542.1937337696,858394.747595482,21803.9156606903
92,2014,"16182366","g____r_",11.0285307024066,20,-137498.276169138,NA,NA,NA
92,2015,"14637766","____vre",416.567297763515,17,NA,NA,264521.018274919,28594.5789244978
92,2016,"04073105","____vre",1405.98357472508,9,NA,NA,1093091.55356122,77656.2433627328
92,2017,"05801674","____vre",11.9328439005442,11,NA,NA,388611.421969845,139743.597713444
92,2018,"08913415","g___vre",21.0013231930789,12,4377.31337691235,NA,156750.647009596,2027199.35986062
92,2019,"10109797","g_u_vre",519.49201033406,13,143539.373541305,NA,222472.788305684,20319.9190207159
93,2013,"07390283","g__p_r_",80.4741273608402,19,5511.30128618419,NA,NA,NA
93,2014,"09908649","g_u__re",41.2092483737014,17,-22876.421577173,NA,NA,34286.7196097739
93,2015,"07723959","g_u_vr_",250.13288265991,15,-134194.699428481,NA,13933.3762743888,NA
93,2016,"04673284","____vr_",350.559735828738,15,NA,NA,100614.183334672,NA
93,2017,"06651440","g____r_",32.5564741527695,19,86596.060652907,NA,NA,NA
93,2018,"11476911","gku_vr_",3.47532659357378,11,-74122.5731490174,24160.5221676214,259522.94189671,NA
93,2019,"05320844","g___vr_",397.46648522741,13,91653.9384862172,NA,489529.48462223,NA
94,2013,"06573722","g_u_vr_",757.576533534855,26,88198.7602792286,NA,266131.93305171,NA
94,2014,"16091766","____vre",243.477399750065,13,NA,NA,585762.720233703,207702.178485829
94,2015,"09188684","__up_re",15.7741943078948,12,NA,NA,NA,33539.489830866
94,2016,"07208954","g_u_vr_",338.674758723043,9,-188737.790700643,NA,2278968.06333498,NA
94,2017,"07462015","g____re",265.324287444259,15,-63709.5129197575,NA,NA,8025.31011215998
94,2018,"05051912","____vr_",120.037114116711,17,NA,NA,768473.647850671,NA
94,2019,"05437343","g___vr_",691.440952736727,16,-18065.4291779862,NA,148311.055031948,NA
95,2013,"07087396","g____re",846.93051069602,16,-134767.956805796,NA,NA,55087.1473490054
95,2014,"04933940","___pvr_",18.6367055490946,19,NA,NA,332869.195256166,NA
95,2015,"01168808","____vre",2.38437182830033,12,NA,NA,226282.845267757,82466.013620813
95,2016,"11821754","____vr_",6.84284621372048,15,NA,NA,107942.802773241,NA
95,2017,"04211715","__u_vr_",55.5930794099928,10,NA,NA,36593.7497467643,NA
95,2018,"10432466","g___vr_",6247.80158407181,9,-80924.3415981509,NA,739686.841785792,NA
95,2019,"04748973","____vr_",39.6123301580061,13,NA,NA,483955.589730501,NA
96,2013,"01303127","_k___r_",12.0210247156507,14,NA,60411.1287219148,NA,NA
96,2014,"08455079","____vr_",481.704975664049,15,NA,NA,267462.812781335,NA
96,2015,"07289871","g____re",826.617456074436,14,75076.2120743331,NA,NA,19829.6657097106
96,2016,"10408004","g___vre",494.259515511588,12,93277.5000433714,NA,180677.233690838,175374.880373058
96,2017,"04207693","__u__r_",3.5717391583467,14,NA,NA,NA,NA
96,2018,"07584309","__u_vr_",19.169443225762,14,NA,NA,108640.282156188,NA
96,2019,"01006561","_ku_vr_",266.375866242666,10,NA,69689.7596022918,253839.488444617,NA
97,2013,"05555452","___pvr_",4.06592846342471,12,NA,NA,351035.490295196,NA
97,2014,"07354167","gku_vre",97.9582003707357,18,167393.973407795,72770.3019474486,1805358.21759127,10517.2228985944
97,2015,"05929727","g___vr_",32.2260732013936,12,85426.3700557801,NA,258802.988008367,NA
97,2016,"05734933","____vr_",1029.45319978469,20,NA,NA,106313.77566196,NA
97,2017,"04692754","_____r_",58.3299355118168,10,NA,NA,NA,NA
97,2018,"04101333","_k___r_",15.6838735940302,20,NA,-157891.517269703,NA,NA
97,2019,"04255220","____vr_",29.492179534535,14,NA,NA,20000.8828232323,NA
98,2013,"04677812","_____r_",94.1290121617283,12,NA,NA,NA,NA
98,2014,"07427724","__u_vre",284.178206107108,15,NA,NA,3305910.66174699,139778.080774585
98,2015,"15219639","____vre",4549.66307703158,15,NA,NA,197725.184587969,47889.8652024183
98,2016,"14795846","gku_vre",106.281106664021,13,149094.386337279,187363.406280734,679663.901545435,22455.2667459565
98,2017,"06689351","___p_re",7.24528399659241,12,NA,NA,NA,3324.46405976877
98,2018,"04145599","g___vr_",86443.1394198779,14,22554.581363746,NA,13717.1687541099,NA
98,2019,"10574070","_k__vre",275.859435526012,14,NA,137412.468363544,15961.8009204998,261067.424025438
99,2013,"05849674","____vre",124.65153932474,15,NA,NA,133714.94744158,101970.142067778
99,2014,"05119951","__u_vre",17205.2788235042,26,NA,NA,4748.96270735275,22362.8126501063
99,2015,"14026478","g___vre",337.770031473057,15,32448.5463982334,NA,10683.9094139455,57948.2305435454
99,2016,"08862350","____vre",230.637556877698,11,NA,NA,322122.328878164,86159.1459097292
99,2017,"08825903","_____re",99.7192591093878,16,NA,NA,NA,213066.880019712
99,2018,"05384142","__u_vre",66.5881628320819,9,NA,NA,1735061.56647709,94425.5034710374
99,2019,"15249828","____vr_",1474.34275491583,14,NA,NA,149234.530606608,NA
100,2013,"10795058","g___vre",598.405244798534,8,2167.84452539492,NA,316298.218093298,25119.5923607228
100,2014,"05467421","g___vre",499.622697893228,16,36896.8828720451,NA,190850.198429218,44059.4851313806
100,2015,"14333648","_k__vre",71.5951539571491,18,NA,99195.4092570152,30343.0577378206,134732.949304944
100,2016,"08082671","____vre",16.9611883178384,16,NA,NA,1552023.72281181,71281.8726898278
100,2017,"02458374","__u__re",12.9633777829504,13,NA,NA,NA,31870.2397132267
100,2018,"11131320","g___vre",553.750567907499,14,146877.210458209,NA,126460.095357771,288395.865304514
100,2019,"07881626","_____re",147.548963060338,10,NA,NA,NA,64710.0687072376
